File Date,11/30/2017
NPA_ID,type_of_code,        ASSIGNABLE,EXPLANATION,RESERVED,ASSIGNED,ASSIGNMENT_DT,USE,LOCATION,COUNTRY,IN_SERVICE,IN_SERVICE_DT,STATUS,PLANNING_LETTERS,"NOTES",OVERLAY,OVERLAY_COMPLEX,PARENT_NPA_ID,SERVICE,TIME_ZONE,AREA_SERVED,MAP,IN_JEOPARDY,RELIEF_PLANNING_IN_PROGRESS,HOME_NPA_LOCAL_CALLS,HOME_NPA_TOLL_CALLS,FOREIGN_NPA_LOCAL_CALLS,FOREIGN_NPA_TOLL_CALLS,PERM_HNPA_LOCAL_CALLS,PERM_HNPA_TOLL_CALLS,PERM_HNPA_FOREIGN_LOCAL_CALLS,"DIALING_PLAN_NOTES"
200,Easily Recognizable Code,Yes,,No,No,,N,,,N,,,,"",,,,,,,,,No,,,,,,,,""
201,General Purpose Code,Yes,,No,Yes,01-JAN-47,G,NJ,US,Y,01-JAN-47,,277,"",Yes,201/551,,,E,,277,No,No,10D,10D,1+10D,1+10D,1+10D,NA,NA,"Calls between the 551 and 201 NPAs may be dialed as 10D."
202,General Purpose Code,Yes,,No,Yes,01-JAN-47,G,DC,US,Y,01-JAN-47,,,"",No,,,,E,,,No,No,7D,NA,10D,1+10D,NA,NA,NA,""
203,General Purpose Code,Yes,,No,Yes,01-JAN-47,G,CT,US,Y,01-JAN-47,,388 255 217 138,"",Yes,203/475,,,E,,217,No,No,10D,1+10D,10D,1+10D,1+10D,NA,1+10D,""
204,General Purpose Code,Yes,,No,Yes,01-JAN-47,G,MANITOBA,CANADA,Y,01-JAN-47,Active,435 433 419,"",Yes,204/431,,,C,,435,No,Yes,10D,1+10D,10D,1+10D,NA,NA,NA,""
205,General Purpose Code,Yes,,No,Yes,01-JAN-47,G,AL,US,Y,01-JAN-47,,289 284,"",Yes,205/659,,,C,,284,No,No,7D,1+10D,10D,1+10D,NA,NA,NA,""
206,General Purpose Code,Yes,,No,Yes,01-JAN-47,G,WA,US,Y,01-JAN-47,,492 298 239,"",No,,,,P,,,No,No,10D,1+10D,10D,1+10D,10D,NA,1+10D,""
207,General Purpose Code,Yes,,No,Yes,01-JAN-47,G,ME,US,Y,01-JAN-47,,,"",No,,,,E,,,No,No,7D,7D,1+10D,1+10D,1+10D,1+10D,NA,""
208,General Purpose Code,Yes,,No,Yes,01-JAN-47,G,ID,US,Y,01-JAN-47,,490,"",Yes,208/986,,,MP,,490,No,No,10D,1+10D,10D,1+10D,NA,NA,NA,""
209,General Purpose Code,Yes,,No,Yes,01-JAN-58,G,CA,US,Y,01-JAN-58,,,"",No,,916,,P,,,No,No,7D,7D,1+10D,1+10D,1+10D,1+10D,NA,""
210,General Purpose Code,Yes,,No,Yes,01-NOV-92,G,TX,US,Y,01-NOV-92,,495  035 IL92/03-068,"",Yes,210/726,512,,C,,495,No,No,10D,1+10D,10D,1+10D,NA,NA,NA,""
211,Easily Recognizable Code,No,N11 Code,No,No,,,,,N,,,,"",,,,,,,,,No,,,,,,,,""
212,General Purpose Code,Yes,,No,Yes,01-JAN-47,G,NY,US,Y,01-JAN-47,Active,489 314 175,"",Yes,212/332/646/917,,,E,,489,No,Yes,1+10D,1+10D,1+10D,1+10D,10D,NA,NA,""
213,General Purpose Code,Yes,,No,Yes,01-JAN-47,G,CA,US,Y,01-JAN-47,,494,"",Yes,213/323,,,P,,494,No,No,1+10D,1+10D,1+10D,1+10D,NA,NA,NA,""
214,General Purpose Code,Yes,,No,Yes,01-JAN-47,G,TX,US,Y,01-JAN-47,,,"",Yes,214/469/972,,,C,,,No,No,10D,1+10D,10D,1+10D,NA,NA,NA,""
215,General Purpose Code,Yes,,No,Yes,01-JAN-47,G,PA,US,Y,01-JAN-47,Active,499 332 274 267 237 134,"",Yes,215/267/445,,,E,,499,No,Yes,10D,10D,NA,1+10D,1+10D,NA,1+10D,"All calls within and between the 215 and 267 and 484 and 610 NPAs can be dialed as 10D or 1+10D.  Calls to other NPAs must be dialed as 1+10D."
216,General Purpose Code,Yes,,No,Yes,01-JAN-47,G,OH,US,Y,01-JAN-47,,,"",No,,,,E,,,No,No,7D,1+10D,10D,1+10D,NA,NA,NA,"Carriers must provide permissive 1+10D dialing for Foreign NPA Local Calls in areas where they provide optional EAS"
217,General Purpose Code,Yes,,No,Yes,01-JAN-47,G,IL,US,Y,01-JAN-47,Active,,"",Yes,217/447,,,C,,,Yes,Yes,7D,1+10D,1+10D,1+10D,NA,NA,NA,""
218,General Purpose Code,Yes,,No,Yes,01-JAN-47,G,MN,US,Y,01-JAN-47,,,"",No,,,,C,,,No,No,7D,1+10D,7D,1+10D,NA,NA,NA,""
219,General Purpose Code,Yes,,No,Yes,01-JAN-47,G,IN,US,Y,01-JAN-47,,309 296,"",No,,,,EC,,309,No,No,7D,1+10D,10D,1+10D,NA,NA,NA,""
220,General Purpose Code,Yes,,No,Yes,11-DEC-13,G,OH,US,Y,22-APR-15,,471 462,"",Yes,220/740,740,,E,,471,No,No,10D,1+10D,10D,1+10D,1+10D,NA,1+10D,"Carriers must provide permissive 1+10D dialing for Foreign NPA Local Calls in areas where they provide optional EAS."
221,General Purpose Code,Yes,,Yes,No,,G,,,N,,,,"",No,,,,,,,No,No,,,,,,,,""
222,Easily Recognizable Code,Yes,,No,No,,N,,,N,,,,"",,,,,,,,,No,,,,,,,,""
223,General Purpose Code,Yes,,No,Yes,28-OCT-16,G,PA,US,Y,26-SEP-17,,501 500,"",Yes,717/223,717,,E,,501,No,No,10D,10D,1+10D,1+10D,1+10D,1+10D,NA,""
224,General Purpose Code,Yes,,No,Yes,01-MAY-98,G,IL,US,Y,05-JAN-02,,305 157 127,"",Yes,224/847,847,,C,,305,No,No,1+10D,1+10D,1+10D,1+10D,NA,NA,NA,""
225,General Purpose Code,Yes,,No,Yes,09-JUN-98,G,LA,US,Y,17-AUG-98,,187 156 123,"",No,,504,,C,,,No,No,7D,1+10D,10D,1+10D,NA,NA,NA,""
226,General Purpose Code,Yes,,No,Yes,26-APR-02,G,ONTARIO,CANADA,Y,21-OCT-06,,350 343 342,"",Yes,226/519/548,519,,E,,342,No,No,10D,1+10D,10D,1+10D,NA,NA,NA,""
227,General Purpose Code,Yes,,No,Yes,17-JAN-01,G,MD,US,N,,,,"",Yes,227/240/301,240,,E,,,No,No,,,,,,,,""
228,General Purpose Code,Yes,,No,Yes,31-JUL-97,G,MS,US,Y,15-SEP-97,,079,"",No,,601,,C,,,No,No,7D,1+10D,10D,1+10D,NA,NA,NA,""
229,General Purpose Code,Yes,,No,Yes,01-OCT-99,G,GA,US,Y,01-AUG-00,,288 202,"",No,,912,,E,,,No,No,7D,1+10D,10D,1+10D,NA,NA,NA,""
230,General Purpose Code,Yes,,Yes,No,,G,,,N,,,,"",No,,,,,,,No,No,,,,,,,,""
231,General Purpose Code,Yes,,No,Yes,11-MAR-99,G,MI,US,Y,05-JUN-99,,167,"",No,,616,,E,,,No,No,7D,1+10D,10D,1+10D,10D,NA,NA,""
232,General Purpose Code,Yes,,Yes,No,,G,,,N,,,,"",No,,,,,,,No,No,,,,,,,,""
233,Easily Recognizable Code,Yes,,No,No,,N,,,N,,,,"",,,,,,,,,No,,,,,,,,""
234,General Purpose Code,Yes,,No,Yes,05-NOV-99,G,OH,US,Y,30-OCT-00,,213,"",Yes,234/330,330,,E,,213,No,No,10D,1+10D,10D,1+10D,1+10D,NA,NA,"Carriers must provide permissive 1+10D dialing for Foreign NPA Local Calls in areas where they provide optional EAS"
235,General Purpose Code,Yes,,Yes,No,,G,,,N,,,,"",No,,,,,,,No,No,,,,,,,,""
236,General Purpose Code,Yes,,No,Yes,28-JUL-11,G,BRITISH COLUMBIA,CANADA,Y,01-JUN-13,,450 428,"",Yes,236/604/778 236/250/778,604,,P,,361,No,No,10D,1+10D,10D,1+10D,NA,NA,NA,""
237,General Purpose Code,Yes,,No,No,,G,,,N,,,,"",No,,,,,,,No,No,,,,,,,,""
238,General Purpose Code,Yes,,Yes,No,,G,,,N,,,,"",No,,,,,,,No,No,,,,,,,,""
239,General Purpose Code,Yes,,No,Yes,06-SEP-01,G,FL,US,Y,11-MAR-02,,307,"",No,,941,,E,,307,No,No,7D,1+10D,10D,1+10D,NA,NA,NA,""
240,General Purpose Code,Yes,,No,Yes,21-JUN-96,G,MD,US,Y,01-JUN-97,,IL96/07-004 IL96/06-009,"",Yes,227/240/301,301,,E,,IL96/06-009,No,No,10D,1+10D,10D,1+10D,1+10D,NA,1+10D,""
241,General Purpose Code,Yes,,No,No,,G,,,N,,,,"",No,,,,,,,No,No,,,,,,,,""
242,General Purpose Code,Yes,,No,Yes,,G,BAHAMAS,BAHAMAS,Y,01-OCT-96,,IL95/11-009,"",No,,809,,E,,,No,No,7D,1+10D,NA,1+10D,NA,NA,NA,""
243,General Purpose Code,Yes,,No,No,,G,,,N,,,,"",No,,,,,,,No,No,,,,,,,,""
244,Easily Recognizable Code,Yes,,No,No,,N,,,N,,,,"",,,,,,,,,No,,,,,,,,""
245,General Purpose Code,Yes,,No,No,,G,,,N,,,,"",No,,,,,,,No,No,,,,,,,,""
246,General Purpose Code,Yes,,No,Yes,,G,BARBADOS,BARBADOS,Y,01-JUL-96,,IL95/12-006,"",No,,809,,A,,,No,No,7D,1+10D,NA,1+10D,NA,NA,NA,""
247,General Purpose Code,Yes,,Yes,No,,G,,,N,,,,"",No,,,,,,,No,No,,,,,,,,""
248,General Purpose Code,Yes,,No,Yes,08-NOV-96,G,MI,US,Y,10-MAY-97,,320 283 227 209 012,"",Yes,248/947,810,,E,,283,No,No,10D,1+10D,10D,1+10D,NA,NA,NA,""
249,General Purpose Code,Yes,,No,Yes,06-OCT-09,G,ONTARIO,CANADA,Y,19-MAR-11,,414 398R1 398,"",Yes,249/705,705,,E,,398,No,No,10D,1+10D,10D,1+10D,NA,NA,NA,""
250,General Purpose Code,Yes,,No,Yes,,G,BRITISH COLUMBIA,CANADA,Y,19-OCT-96,,450 428 361 IL95/08-007 IL96/02-007,"",Yes,236/250/778,604,,P,,,No,No,10D,1+10D,10D,1+10D,NA,NA,NA,""
251,General Purpose Code,Yes,,No,Yes,03-OCT-00,G,AL,US,Y,18-JUN-01,,254,"",No,,334,,C,,254,No,No,7D,1+10D,10D,1+10D,NA,NA,NA,"Other dialing plans may apply at the discretion of the local service provider."
252,General Purpose Code,Yes,,No,Yes,27-FEB-98,G,NC,US,Y,22-MAR-98,,114 112,"",No,,919,,E,,,No,No,7D,1+10D,10D,1+10D,NA,NA,NA,""
253,General Purpose Code,Yes,,No,Yes,31-OCT-96,G,WA,US,Y,27-APR-97,,492 298 239 019,"",No,,206,,P,,,No,No,10D,1+10D,10D,1+10D,10D,NA,1+10D,""
254,General Purpose Code,Yes,,No,Yes,,G,TX,US,Y,25-MAY-97,,064 034,"",No,,817,,C,,,No,No,7D,1+10D,10D,1+10D,NA,NA,NA,""
255,Easily Recognizable Code,Yes,,No,No,,N,,,N,,,,"",,,,,,,,,No,,,,,,,,""
256,General Purpose Code,Yes,,No,Yes,10-OCT-97,G,AL,US,Y,23-MAR-98,Active,389 114 110,"",Yes,256/938,205,,C,,,No,Yes,10D,1+10D,10D,1+10D,1+10D,NA,1+10D,""
257,General Purpose Code,Yes,,Yes,No,,G,,CANADA,N,,,,"",No,,,,,,,No,No,,,,,,,,""
258,General Purpose Code,Yes,,Yes,No,,G,,,N,,,,"",No,,,,,,,No,No,,,,,,,,""
259,General Purpose Code,Yes,,Yes,No,,G,,,N,,,,"",No,,,,,,,No,No,,,,,,,,""
260,General Purpose Code,Yes,,No,Yes,20-JUN-01,G,IN,US,Y,15-JAN-02,,309 296,"",No,,219,,E,,309,No,No,7D,1+10D,10D,1+10D,NA,NA,NA,""
261,General Purpose Code,Yes,,Yes,No,,G,,,N,,,,"",No,,,,,,,No,No,,,,,,,,""
262,General Purpose Code,Yes,,No,Yes,19-MAR-99,G,WI,US,Y,25-SEP-99,Active,174,"",No,,414,,C,,,No,Yes,7D,1+10D,1+10D,1+10D,NA,NA,NA,""
263,General Purpose Code,Yes,,Yes,No,,G,,CANADA,N,,,,"",No,,,,,,,No,No,,,,,,,,""
264,General Purpose Code,Yes,,No,Yes,,G,ANGUILLA,ANGUILLA,Y,31-MAR-97,,015,"",No,,809,,A,,,No,No,7D,1+10D,NA,1+10D,4D,NA,NA,""
265,General Purpose Code,Yes,,Yes,No,,G,,,N,,,,"",No,,,,,,,No,No,,,,,,,,""
266,Easily Recognizable Code,Yes,,No,No,,N,,,N,,,,"",,,,,,,,,No,,,,,,,,""
267,General Purpose Code,Yes,,No,Yes,31-JUL-98,G,PA,US,Y,01-JUL-99,Active,499 332 274 267 237 134,"",Yes,215/267/445,215,,E,,499,No,Yes,10D,10D,NA,1+10D,1+10D,NA,1+10D,"All calls within and between the 215 and 267 and 484 and 610 NPAs can be dialed as 10D or 1+10D.  Calls to other NPAs must be dialed as 1+10D."
268,General Purpose Code,Yes,,No,Yes,,G,ANTIGUA/BARBUDA,ANTIGUA/BARBUDA,Y,01-APR-96,,IL96/03-005,"",No,,809,,A,,,No,No,7D,1+10D,NA,1+10D,4D,NA,NA,""
269,General Purpose Code,Yes,,No,Yes,05-JUN-01,G,MI,US,Y,13-JUL-02,,324 294,"",No,,616,,E,,294,No,No,7D,1+10D,10D,1+10D,10D,NA,NA,""
270,General Purpose Code,Yes,,No,Yes,01-FEB-99,G,KY,US,Y,19-APR-99,,449 415 408 391 376 371 365 155,"",Yes,270/364,502,,EC,,449,No,No,10D,1+10D,10D,1+10D,1+10D,NA,1+10D,""
271,General Purpose Code,Yes,,Yes,No,,G,,,N,,,,"",No,,,,,,,No,No,,,,,,,,""
272,General Purpose Code,Yes,,No,Yes,01-JAN-47,G,PA,US,Y,01-JAN-47,,501 500,"",Yes,717/223,,,E,,501,No,No,10D,10D,1+10D,1+10D,1+10D,1+10D,NA,"All calls within and between the 717 and 223 NPAs can be dialed as 10D or 1+10D.  Calls to other NPAs must be dialed as 1+10D."
273,General Purpose Code,Yes,,Yes,No,,G,,CANADA,N,,,,"",No,,,,,,,No,No,,,,,,,,""
274,General Purpose Code,Yes,,No,Yes,06-NOV-08,G,WI,US,N,,,442 417 385,"",Yes,274/920,920,,C,,385,No,No,10D,1+10D,1+10D,1+10D,NA,NA,NA,""
275,General Purpose Code,Yes,,No,No,,G,,,N,,,,"",No,,,,,,,No,No,,,,,,,,""
276,General Purpose Code,Yes,,No,Yes,07-MAR-01,G,VA,US,Y,01-SEP-01,,319 285 275,"",No,,540,,E,,275,No,No,7D,1+10D,10D,1+10D,NA,NA,NA,""
277,Easily Recognizable Code,Yes,,No,No,,N,,,N,,,,"",,,,,,,,,No,,,,,,,,""
278,General Purpose Code,Yes,,Yes,No,,G,,,N,,,,"",No,,,,,,,No,No,,,,,,,,""
279,General Purpose Code,Yes,,No,Yes,09-FEB-17,G,CA,US,N,10-MAR-18,Active,502,"",Yes,916/279,916,,P,,502,No,Yes,1+10D,1+10D,1+10D,1+10D,NA,NA,NA,""
280,General Purpose Code,Yes,,Yes,No,,G,,,N,,,,"",No,,,,,,,No,No,,,,,,,,""
281,General Purpose Code,Yes,,No,Yes,19-AUG-94,G,TX,US,Y,02-NOV-96,,006,"",Yes,281/346/713/832,713,,C,,,No,No,10D,1+10D,10D,1+10D,NA,NA,NA,""
282,General Purpose Code,Yes,,No,No,,G,,,N,,,,"",No,,,,,,,No,No,,,,,,,,""
283,General Purpose Code,Yes,,No,Yes,31-OCT-00,G,OH,US,N,,,316 286 264,"",Yes,283/513,513,,E,,264,No,No,10D,1+10D,10D,1+10D,1+10D,NA,NA,"Carriers must provide permissive 1+10D dialing for Foreign NPA Local Calls in areas where they provide optional EAS"
284,General Purpose Code,Yes,,No,Yes,,G,BRITISH VIRGIN ISLANDS,BRITISH VIRGIN ISLANDS,Y,01-OCT-97,,020,"",No,,809,,A,,,No,No,7D,1+10D,NA,1+10D,NA,NA,NA,""
285,General Purpose Code,Yes,,No,No,,G,,,N,,,,"",No,,,,,,,No,No,,,,,,,,""
286,General Purpose Code,Yes,,Yes,No,,G,,,N,,,,"",No,,,,,,,No,No,,,,,,,,""
287,General Purpose Code,Yes,,Yes,No,,G,,,N,,,,"",No,,,,,,,No,No,,,,,,,,""
288,Easily Recognizable Code,Yes,,No,No,,N,,,N,,,,"",,,,,,,,,No,,,,,,,,""
289,General Purpose Code,Yes,,No,Yes,17-AUG-00,G,ONTARIO,CANADA,Y,09-JUN-01,,448 440R1 420 243,"",Yes,289/365/905,905,,E,,243,No,No,10D,1+10D,10D,1+10D,NA,NA,NA,""
290,General Purpose Code,No,Expansion Code,No,No,,,,,N,,,,"",No,,,,,,,No,No,,,,,,,,"H"
291,General Purpose Code,No,Expansion Code,No,No,,,,,N,,,,"",No,,,,,,,No,No,,,,,,,,""
292,General Purpose Code,No,Expansion Code,No,No,,,,,N,,,,"",No,,,,,,,No,No,,,,,,,,""
293,General Purpose Code,No,Expansion Code,No,No,,,,,N,,,,"",No,,,,,,,No,No,,,,,,,,""
294,General Purpose Code,No,Expansion Code,No,No,,,,,N,,,,"",No,,,,,,,No,No,,,,,,,,""
295,General Purpose Code,No,Expansion Code,No,No,,,,,N,,,,"",No,,,,,,,No,No,,,,,,,,""
296,General Purpose Code,No,Expansion Code,No,No,,,,,N,,,,"",No,,,,,,,No,No,,,,,,,,""
297,General Purpose Code,No,Expansion Code,No,No,,,,,N,,,,"",No,,,,,,,No,No,,,,,,,,""
298,General Purpose Code,No,Expansion Code,No,No,,,,,N,,,,"",No,,,,,,,No,No,,,,,,,,""
299,Easily Recognizable Code,No,Expansion Code,No,No,,,,,N,,,,"",,,,,,,,,No,,,,,,,,""
300,Easily Recognizable Code,Yes,,No,No,,N,,,N,,,,"",,,,,,,,,No,,,,,,,,""
301,General Purpose Code,Yes,,No,Yes,01-JAN-47,G,MD,US,Y,01-JAN-47,,IL96/06-009,"",Yes,240/227/301,,,E,,IL96/06-009,No,No,10D,1+10D,10D,1+10D,1+10D,NA,1+10D,""
302,General Purpose Code,Yes,,No,Yes,01-JAN-47,G,DE,US,Y,01-JAN-47,,,"",No,,,,E,,,No,No,7D,1+10D,10D,1+10D,NA,NA,NA,""
303,General Purpose Code,Yes,,No,Yes,01-JAN-47,G,CO,US,Y,01-JAN-47,,,"",Yes,303/720,,,M,,,No,No,10D,1+10D,10D,1+10D,1+10D,NA,1+10D,""
304,General Purpose Code,Yes,,No,Yes,01-JAN-47,G,WV,US,Y,01-JAN-47,,375,"",Yes,304/681,,,E,,375,No,No,10D,1+10D,10D,1+10D,1+10D,NA,1+10D,""
305,General Purpose Code,Yes,,No,Yes,01-JAN-47,G,FL,US,Y,01-JAN-47,,468  287,"",Yes,305/786,,,E,,468,No,No,10D,1+10D,10D,1+10D,NA,NA,NA,""
306,General Purpose Code,Yes,,No,Yes,01-JAN-47,G,SASKATCHEWAN,CANADA,Y,01-JAN-47,,447 446 439 431,"",Yes,306/639,,,C,,431,No,No,7D,1+10D,10D,1+10D,NA,NA,NA,""
307,General Purpose Code,Yes,,No,Yes,01-JAN-47,G,WY,US,Y,01-JAN-47,,,"",No,,,,M,,,No,No,7D,1+10D,7D,1+10D,NA,NA,NA,""
308,General Purpose Code,Yes,,No,Yes,01-JAN-55,G,NE,US,Y,01-JAN-55,,,"",No,,,,CM,,,No,No,7D,1+10D,7D,1+10D,10D,NA,10D,""
309,General Purpose Code,Yes,,No,Yes,01-JAN-57,G,IL,US,Y,01-JAN-57,,,"",No,,,,C,,,No,No,7D,1+10D,1+10D,1+10D,NA,NA,NA,""
310,General Purpose Code,Yes,,No,Yes,31-AUG-90,G,CA,US,Y,02-NOV-91,,347 250 IL90/08-055,"",Yes,310/424,213,,P,,347,No,No,1+10D,1+10D,1+10D,1+10D,NA,NA,NA,""
311,Easily Recognizable Code,No,N11 Code,No,No,,,,,N,,,,"",,,,,,,,,No,,,,,,,,""
312,General Purpose Code,Yes,,No,Yes,01-JAN-47,G,IL,US,Y,01-JAN-47,Active,392 390 195,"",Yes,312/872,,,C,,,No,Yes,1+10D,1+10D,1+10D,1+10D,NA,NA,NA,""
313,General Purpose Code,Yes,,No,Yes,01-JAN-47,G,MI,US,Y,01-JAN-47,Active,,"",Yes,313/679,,,E,,,No,Yes,7D,1+10D,10D,1+10D,10D,NA,NA,""
314,General Purpose Code,Yes,,No,Yes,01-JAN-47,G,MO,US,Y,01-JAN-47,Suspended,303 279 261,"",Yes,314/557,,,C,,,No,Yes,7D,1+10D,10D,1+10D,NA,NA,NA,""
315,General Purpose Code,Yes,,No,Yes,01-JAN-47,G,NY,US,Y,01-JAN-47,,485,"",Yes,315/680,,,E,,485,No,No,10D,10D,1+10D,1+10D,1+10D,1+10D,NA,""
316,General Purpose Code,Yes,,No,Yes,01-JAN-47,G,KS,US,Y,01-JAN-47,,245,"",No,,,,C,,245,No,No,7D,1+10D,10D,1+10D,NA,NA,NA,""
317,General Purpose Code,Yes,,No,Yes,01-JAN-47,G,IN,US,Y,01-JAN-47,,496 482,"",Yes,317/463,,,E,,496,No,No,10D,1+10D,10D,1+10D,1+10D,NA,1+10D,""
318,General Purpose Code,Yes,,No,Yes,01-JAN-57,G,LA,US,Y,01-JAN-57,,,"",No,,,,C,,,No,No,7D,1+10D,10D,1+10D,NA,NA,NA,""
319,General Purpose Code,Yes,,No,Yes,01-JAN-47,G,IA,US,Y,01-JAN-47,,253,"",No,,,,C,,253,No,No,7D,1+10D,10D,1+10D,NA,NA,NA,""
320,General Purpose Code,Yes,,No,Yes,15-SEP-95,G,MN,US,Y,17-MAR-96,,IL95/09-007 IL96/01-017,"",No,,612,,C,,,No,No,7D,1+10D,7D,1+10D,NA,NA,NA,""
321,General Purpose Code,Yes,,No,Yes,10-FEB-99,G,FL,US,Y,01-NOV-99,,325 323 168,"",No,,407,,E,,,No,No,10D,1+10D,10D,1+10D,NA,NA,NA,"Home NPA local calls are 7D in Brevard County."
322,Easily Recognizable Code,Yes,,No,No,,N,,,N,,,,"",,,,,,,,,No,,,,,,,,""
323,General Purpose Code,Yes,,No,Yes,19-MAY-97,G,CA,US,Y,13-JUN-98,,494 080 062,"",Yes,213/323,213,,P,,494,No,No,1+10D,1+10D,1+10D,1+10D,NA,NA,NA,""
324,General Purpose Code,Yes,,Yes,No,,G,,,N,,,,"",No,,,,,,,No,No,,,,,,,,""
325,General Purpose Code,Yes,,No,Yes,13-MAR-02,G,TX,US,Y,05-APR-03,,322,"",No,,915,,C,,322,No,No,7D,1+10D,10D,1+10D,NA,NA,NA,""
326,General Purpose Code,Yes,,Yes,No,,G,,,N,,,,"",No,,,,,,,No,No,,,,,,,,""
327,General Purpose Code,Yes,,No,Yes,15-DEC-09,G,AR,US,N,,,437 400,"",Yes,327/870,870,,C,,400,No,No,10D,1+10D,10D,1+10D,,,,""
328,General Purpose Code,Yes,,Yes,No,,G,,,N,,,,"",No,,,,,,,No,No,,,,,,,,""
329,General Purpose Code,Yes,,Yes,No,,G,,,N,,,,"",No,,,,,,,No,No,,,,,,,,""
330,General Purpose Code,Yes,,No,Yes,17-NOV-95,G,OH,US,Y,09-MAR-96,,213 IL95/11-008,"",Yes,234/330,216,,E,,213,No,No,10D,1+10D,10D,1+10D,1+10D,NA,NA,"Carriers must provide permissive 1+10D dialing for Foreign NPA Local Calls in areas where they provide optional EAS"
331,General Purpose Code,Yes,,No,Yes,23-JUL-99,G,IL,US,Y,07-OCT-07,,362 357 195,"",Yes,331/630,630,,C,,,No,No,1+10D,1+10D,1+10D,1+10D,NA,NA,NA,""
332,General Purpose Code,Yes,,No,Yes,24-NOV-15,G,NY,US,Y,10-JUN-17,,489,"",Yes,212/332/646/917,212,,E,,489,No,No,1+10D,1+10D,1+10D,1+10D,10D,NA,NA,""
333,Easily Recognizable Code,Yes,,No,No,,N,,,N,,,,"",,,,,,,,,No,,,,,,,,""
334,General Purpose Code,Yes,,No,Yes,26-JAN-94,G,AL,US,Y,15-JAN-95,,254 IL94/01-033,"",No,,205,,C,,254,No,No,7D,1+10D,10D,1+10D,NA,NA,NA,""
335,General Purpose Code,Yes,,No,No,,G,,,N,,,,"",No,,,,,,,No,No,,,,,,,,""
336,General Purpose Code,Yes,,No,Yes,10-DEC-97,G,NC,US,Y,15-DEC-97,,475 469 114 100,"",Yes,336/743,910,,E,,,No,No,10D,1+10D,10D,1+10D,NA,NA,NA,""
337,General Purpose Code,Yes,,No,Yes,15-APR-99,G,LA,US,Y,11-OCT-99,,188,"",No,,318,,C,,,No,No,7D,1+10D,10D,1+10D,NA,NA,NA,""
338,General Purpose Code,Yes,,No,No,,G,,,N,,,,"",No,,,,,,,No,No,,,,,,,,""
339,General Purpose Code,Yes,,No,Yes,03-MAY-00,G,MA,US,Y,02-MAY-01,,234,"",Yes,339/781,781,,E,,234,No,No,10D,1+10D,10D,1+10D,1+10D,1+10D,NA,""
340,General Purpose Code,Yes,,No,Yes,,G,USVI,US,Y,01-JUN-97,,056,"",No,,809,,A,,,No,No,7D,1+10D,NA,1+10D,NA,NA,NA,""
341,General Purpose Code,Yes,,Yes,No,,G,,US,N,,,,"",No,,,,,,,No,No,,,,,TBD,,,""
342,General Purpose Code,Yes,,Yes,No,,G,,,N,,,,"",No,,,,,,,No,No,,,,,,,,""
343,General Purpose Code,Yes,,No,Yes,10-SEP-08,G,ONTARIO,CANADA,Y,17-MAY-10,,386,"",Yes,343/613,613,,,,386,No,No,10D,1+10D,10D,1+10D,NA,NA,NA,""
344,Easily Recognizable Code,Yes,,No,No,,N,,,N,,,,"",,,,,,,,,No,,,,,,,,""
345,General Purpose Code,Yes,,No,Yes,,G,CAYMAN ISLANDS,CAYMAN ISLANDS,Y,01-SEP-96,,002,"",No,,809,,E,,,No,No,7D,1+10D,NA,1+10D,NA,NA,NA,""
346,General Purpose Code,Yes,,No,Yes,27-APR-13,G,TX,US,Y,01-JUL-14,,453,"",Yes,281/346/713/832,832,,C,,453,No,No,10D,1+10D,10D,1+10D,NA,NA,NA,""
347,General Purpose Code,Yes,,No,Yes,19-FEB-99,G,NY,US,Y,01-OCT-99,,402 314 185,"",Yes,347/718/917/929,718,,E,,,No,No,1+10D,1+10D,1+10D,1+10D,10D,NA,NA,""
348,General Purpose Code,Yes,,No,No,,G,,,N,,,,"",No,,,,,,,No,No,,,,,,,,""
349,General Purpose Code,Yes,,No,No,,G,,,N,,,,"",No,,,,,,,No,No,,,,,,,,""
350,General Purpose Code,Yes,,Yes,No,,G,,,N,,,,"",No,,209,,,,,No,No,,,,,,,,""
351,General Purpose Code,Yes,,No,Yes,03-MAY-00,G,MA,US,Y,02-MAY-01,,234,"",Yes,351/978,978,,E,,234,No,No,10D,1+10D,10D,1+10D,1+10D,1+10D,NA,""
352,General Purpose Code,Yes,,No,Yes,,G,FL,US,Y,03-DEC-95,,IL95/09-008,"",No,,904,,E,,,No,No,7D,1+10D,10D,1+10D,NA,NA,NA,""
353,General Purpose Code,Yes,,Yes,No,,G,,US,N,,,,"",No,,,,,,,No,No,,,,,,,,""
354,General Purpose Code,Yes,,Yes,No,,G,,CANADA,N,,,,"",No,,,,,,,No,No,,,,,,,,""
355,Easily Recognizable Code,Yes,,No,No,,N,,,N,,,,"",,,,,,,,,No,,,,,,,,""
356,General Purpose Code,Yes,,No,No,,G,,,N,,,,"",No,,,,,,,No,No,,,,,,,,""
357,General Purpose Code,Yes,,Yes,No,,G,,,N,,,,"",No,,,,,,,No,No,,,,,,,,""
358,General Purpose Code,Yes,,No,No,,G,,,N,,,,"",No,,,,,,,No,No,,,,,,,,""
359,General Purpose Code,Yes,,Yes,No,,G,,,N,,,,"",No,,,,,,,No,No,,,,,,,,""
360,General Purpose Code,Yes,,No,Yes,21-JAN-94,G,WA,US,Y,15-JAN-95,,492 298 239 196,"",Yes,360/564,206,,P,,492,No,No,10D,1+10D,10D,1+10D,1+10D,NA,1+10D,""
361,General Purpose Code,Yes,,No,Yes,01-FEB-99,G,TX,US,Y,13-FEB-99,,154,"",No,,512,,C,,,No,No,7D,1+10D,10D,1+10D,NA,NA,NA,""
362,General Purpose Code,Yes,,Yes,No,,G,,,N,,,,"",No,,,,,,,No,No,,,,,,,,""
363,General Purpose Code,Yes,,Yes,No,,G,,,N,,,,"",No,,,,,,,No,No,,,,,,,,""
364,General Purpose Code,Yes,,No,Yes,17-DEC-12,G,KY,US,Y,03-MAR-14,,449,"",Yes,270/364,270,,EC,,449,No,No,10D,1+10D,10D,1+10D,1+10D,NA,1+10D,""
365,General Purpose Code,Yes,,No,Yes,13-APR-10,G,ONTARIO,CANADA,Y,25-MAR-13,,448 440R1 420,"",Yes,289/365/905,905,,E,,243,No,No,10D,1+10D,10D,1+10D,NA,NA,NA,""
366,Easily Recognizable Code,Yes,,No,No,,N,,,N,,,,"",,,,,,,,,No,,,,,,,,""
367,General Purpose Code,Yes,,No,Yes,06-FEB-17,G,QUEBEC,CANADA,N,24-NOV-18,Active,504,"",Yes,418/581/367,581,,E,,504,No,No,10D,1+10D,10D,1+10D,NA,NA,NA,""
368,General Purpose Code,Yes,,Yes,No,,G,,CANADA,N,,,,"",No,,,,,,,No,No,,,,,,,,""
369,General Purpose Code,Yes,,Yes,No,,G,,US,N,,,,"",No,,,,,,,No,No,TBD,TBD,TBD,TBD,TBD,TBD,TBD,""
370,General Purpose Code,No,Reserved by INC,No,No,,,,,N,,,,"",No,,,,,,,No,No,,,,,,,,""
371,General Purpose Code,No,Reserved by INC,No,No,,,,,N,,,,"",No,,,,,,,No,No,,,,,,,,""
372,General Purpose Code,No,Reserved by INC,No,No,,,,,N,,,,"",No,,,,,,,No,No,,,,,,,,""
373,General Purpose Code,No,Reserved by INC,No,No,,,,,N,,,,"",No,,,,,,,No,No,,,,,,,,""
374,General Purpose Code,No,Reserved by INC,No,No,,,,,N,,,,"",No,,,,,,,No,No,,,,,,,,""
375,General Purpose Code,No,Reserved by INC,No,No,,,,,N,,,,"",No,,,,,,,No,No,,,,,,,,""
376,General Purpose Code,No,Reserved by INC,No,No,,,,,N,,,,"",No,,,,,,,No,No,,,,,,,,""
377,Easily Recognizable Code,No,Reserved by INC,No,No,,,,,N,,,,"",,,,,,,,,No,,,,,,,,""
378,General Purpose Code,No,Reserved by INC,No,No,,,,,N,,,,"",No,,,,,,,No,No,,,,,,,,""
379,General Purpose Code,No,Reserved by INC,No,No,,,,,N,,,,"",No,,,,,,,No,No,,,,,,,,""
380,General Purpose Code,Yes,,No,Yes,20-JUN-01,G,OH,US,Y,27-FEB-16,,477 317 297 290,"",Yes,380/614,614,,E,,477,No,No,10D,1+10D,10D,1+10D,1+10D,NA,1+10D,"Carriers must provide permissive 1+10D dialing for Foreign NPA Local Calls in areas where they provide optional EAS"
381,General Purpose Code,Yes,,Yes,No,,G,,,N,,,,"",No,,,,,,,No,No,,,,,,,,""
382,General Purpose Code,Yes,,Yes,No,,G,,CANADA,N,,,,"",No,,,,,,,No,No,,,,,,,,""
383,General Purpose Code,Yes,,No,No,,G,,,N,,,,"",No,,,,,,,No,No,,,,,,,,""
384,General Purpose Code,Yes,,Yes,No,,G,,,N,,,,"",No,,,,,,,No,No,,,,,,,,""
385,General Purpose Code,Yes,,No,Yes,03-MAY-00,G,UT,US,Y,29-MAR-09,,366 363 337 326 308 248 231,"",Yes,385/801,801,,M,,231,No,No,10D,1+10D,10D,1+10D,NA,NA,NA,""
386,General Purpose Code,Yes,,No,Yes,09-NOV-00,G,FL,US,Y,15-FEB-01,,260 252,"",No,,904,,E,,252,No,No,7D,1+10D,10D,1+10D,NA,NA,NA,""
387,General Purpose Code,Yes,,Yes,No,,G,,CANADA,N,,,,"",No,,,,,,,No,No,,,,,,,,""
388,Easily Recognizable Code,Yes,,No,No,,N,,,N,,,,"",,,,,,,,,No,,,,,,,,""
389,General Purpose Code,Yes,,Yes,No,,G,,,N,,,,"",No,,,,,,,No,No,,,,,,,,""
390,General Purpose Code,No,Expansion Code,No,No,,,,,N,,,,"",No,,,,,,,No,No,,,,,,,,""
391,General Purpose Code,No,Expansion Code,No,No,,,,,N,,,,"",No,,,,,,,No,No,,,,,,,,""
392,General Purpose Code,No,Expansion Code,No,No,,,,,N,,,,"",No,,,,,,,No,No,,,,,,,,""
393,General Purpose Code,No,Expansion Code,No,No,,,,,N,,,,"",No,,,,,,,No,No,,,,,,,,""
394,General Purpose Code,No,Expansion Code,No,No,,,,,N,,,,"",No,,,,,,,No,No,,,,,,,,""
395,General Purpose Code,No,Expansion Code,No,No,,,,,N,,,,"",No,,,,,,,No,No,,,,,,,,""
396,General Purpose Code,No,Expansion Code,No,No,,,,,N,,,,"",No,,,,,,,No,No,,,,,,,,""
397,General Purpose Code,No,Expansion Code,No,No,,,,,N,,,,"",No,,,,,,,No,No,,,,,,,,""
398,General Purpose Code,No,Expansion Code,No,No,,,,,N,,,,"",No,,,,,,,No,No,,,,,,,,""
399,Easily Recognizable Code,No,Expansion Code,No,No,,,,,N,,,,"",,,,,,,,,No,,,,,,,,""
400,Easily Recognizable Code,Yes,,No,No,,N,,,N,,,,"",,,,,,,,,No,,,,,,,,""
401,General Purpose Code,Yes,,No,Yes,01-JAN-47,G,RI,US,Y,01-JAN-47,,,"",No,,,,E,,,No,No,7D,7D,1+10D,1+10D,NA,1+10D,NA,""
402,General Purpose Code,Yes,,No,Yes,01-JAN-47,G,NE,US,Y,01-JAN-47,,410 397 393,"",Yes,402/531,,,C,,393,No,No,10D,1+10D,10D,1+10D,NA,NA,NA,""
403,General Purpose Code,Yes,,No,Yes,01-JAN-47,G,ALBERTA,CANADA,Y,01-JAN-47,,374 364 176 148 084,"",Yes,403/587/780,,,M,,,No,No,10D,1+10D,10D,1+10D,NA,NA,NA,""
404,General Purpose Code,Yes,,No,Yes,01-JAN-47,G,GA,US,Y,01-JAN-47,,,"",Yes,404/470/678,,,E,,,No,No,10D,1+10D,10D,1+10D,1+10D,NA,1+10D,""
405,General Purpose Code,Yes,,No,Yes,01-JAN-47,G,OK,US,Y,01-JAN-47,Active,,"",No,,,,C,,,No,Yes,7D,1+10D,7D,1+10D,NA,NA,NA,""
406,General Purpose Code,Yes,,No,Yes,01-JAN-47,G,MT,US,Y,01-JAN-47,,,"",No,,,,M,,,No,No,7D,1+10D,7D,1+10D,NA,NA,NA,""
407,General Purpose Code,Yes,,No,Yes,,G,FL,US,Y,16-APR-88,Suspended,325 323 168 IL87/03-033,"",Yes,407/689,305,,E,,323,No,Yes,10D,1+10D,10D,1+10D,NA,NA,NA,""
408,General Purpose Code,Yes,,No,Yes,01-JAN-59,G,CA,US,Y,01-JAN-59,,430 206 149,"",Yes,408/669,415,,P,,,No,No,1+10D,1+10D,1+10D,1+10D,NA,NA,NA,""
409,General Purpose Code,Yes,,No,Yes,01-NOV-82,G,TX,US,Y,01-NOV-82,,,"",No,,713,,C,,,No,No,7D,1+10D,10D,1+10D,NA,NA,NA,""
410,General Purpose Code,Yes,,No,Yes,28-DEC-90,G,MD,US,Y,06-OCT-91,,427 299  IL96/06-008 IL90/12-049,"",Yes,410/443/667,301,,E,,IL96/06-008,No,No,10D,1+10D,10D,1+10D,1+10D,NA,1+10D,""
411,Easily Recognizable Code,No,N11 Code,No,No,,,,,N,,,,"",,,,,,,,,No,,,,,,,,""
412,General Purpose Code,Yes,,No,Yes,01-JAN-47,G,PA,US,Y,01-JAN-47,,281 222 198,"",Yes,412/878,,,E,,,No,No,10D,10D,(see note),(see note),1+10D,NA,1+10D,"All calls within and between NPAs 412 and 724 and 878 can be dialed as 10D or 1+10D.  Calls to other NPAs must be dialed as 1+10D."
413,General Purpose Code,Yes,,No,Yes,01-JAN-47,G,MA,US,Y,01-JAN-47,,,"",No,,,,E,,,No,No,7D,1+10D,10D,1+10D,NA,NA,NA,""
414,General Purpose Code,Yes,,No,Yes,01-JAN-47,G,WI,US,Y,01-JAN-47,Active,,"",No,,,,C,,,No,Yes,7D,1+10D,1+10D,1+10D,NA,NA,NA,""
415,General Purpose Code,Yes,,No,Yes,01-JAN-47,G,CA,US,Y,01-JAN-47,,461 421 206 191,"",Yes,415/628,,,P,,461,No,No,1+10D,1+10D,1+10D,1+10D,NA,NA,NA,""
416,General Purpose Code,Yes,,No,Yes,01-JAN-47,G,ONTARIO,CANADA,Y,01-JAN-47,,441 426 218,"",Yes,416/437/647,,,E,,218,No,No,10D,1+10D,10D,1+10D,NA,NA,NA,""
417,General Purpose Code,Yes,,No,Yes,01-JAN-50,G,MO,US,Y,01-JAN-50,Active,,"",No,,,,C,,,No,Yes,7D,1+10D,10D,1+10D,NA,NA,NA,""
418,General Purpose Code,Yes,,No,Yes,01-JAN-47,G,QUEBEC,CANADA,Y,01-JAN-47,,373R1 367,"",Yes,418/581/367,,,E,,,No,Yes,10D,1+10D,10D,1+10D,NA,NA,NA,""
419,General Purpose Code,Yes,,No,Yes,01-JAN-47,G,OH,US,Y,01-JAN-47,,249,"",Yes,419/567,,,E,,249,No,No,10D,1+10D,10D,1+10D,1+10D,NA,NA,"Carriers must provide permissive 1+10D dialing for Foreign NPA Local Calls in areas where they provide optional EAS"
420,General Purpose Code,Yes,,Yes,No,,G,,,N,,,,"",No,,,,,,,No,No,,,,,,,,""
421,General Purpose Code,Yes,,Yes,No,,G,,,N,,,,"",No,,,,,,,No,No,,,,,,,,""
422,Easily Recognizable Code,Yes,,No,No,,N,,,N,,,,"",,,,,,,,,No,,,,,,,,""
423,General Purpose Code,Yes,,No,Yes,22-NOV-94,G,TN,US,Y,11-SEP-95,,IL94/11-018,"",No,,615,,EC,,,No,No,7D,1+10D,10D,1+10D,NA,NA,NA,""
424,General Purpose Code,Yes,,No,Yes,26-MAY-98,G,CA,US,Y,26-AUG-06,,347 250 125,"",Yes,310/424,310,,P,,347,No,No,1+10D,1+10D,1+10D,1+10D,NA,NA,NA,""
425,General Purpose Code,Yes,,No,Yes,31-OCT-96,G,WA,US,Y,27-APR-97,,492 298 239 019,"",No,,206,,P,,,No,No,10D,1+10D,10D,1+10D,10D,NA,1+10D,""
426,General Purpose Code,Yes,,No,No,,G,,,N,,,,"",No,,,,,,,No,No,,,,,,,,""
427,General Purpose Code,Yes,,Yes,No,,G,,,N,,,,"",No,,,,,,,No,No,,,,,,,,""
428,General Purpose Code,Yes,,Yes,No,,G,,CANADA,N,,,,"",No,,,,,,,No,No,,,,,,,,""
429,General Purpose Code,Yes,,Yes,No,,G,,,N,,,,"",No,,,,,,,No,No,,,,,,,,""
430,General Purpose Code,Yes,,No,Yes,24-DEC-01,G,TX,US,Y,15-FEB-03,,313,"",Yes,430/903,903,,C,,313,No,No,10D,1+10D,10D,1+10D,NA,NA,NA,""
431,General Purpose Code,Yes,,No,Yes,28-JUL-10,G,MANITOBA,CANADA,Y,03-NOV-12,Active,435 433 419,"",Yes,204/431,204,,,,435,No,Yes,10D,1+10D,10D,1+10D,NA,NA,NA,""
432,General Purpose Code,Yes,,No,Yes,13-MAR-02,G,TX,US,Y,05-APR-03,,322,"",No,,915,,C,,322,No,No,7D,1+10D,10D,1+10D,NA,NA,NA,""
433,Easily Recognizable Code,Yes,,No,No,,N,,,N,,,,"",,,,,,,,,No,,,,,,,,""
434,General Purpose Code,Yes,,No,Yes,14-DEC-00,G,VA,US,Y,01-JUN-01,,257,"",No,,804,,E,,257,No,No,7D,1+10D,10D,1+10D,NA,NA,NA,""
435,General Purpose Code,Yes,,No,Yes,30-MAY-97,G,UT,US,Y,21-SEP-97,,126 065,"",No,,801,,M,,,No,No,7D,1+10D,7D,1+10D,NA,NA,NA,""
436,General Purpose Code,Yes,,Yes,No,,G,,,N,,,,"",No,,,,,,,No,No,,,,,,,,""
437,General Purpose Code,Yes,,No,Yes,25-JUL-11,G,ONTARIO,CANADA,Y,25-MAR-13,,447 441 426,"",Yes,416/437/647,647,,E,,441,No,No,10D,1+10D,10D,1+10D,NA,NA,NA,""
438,General Purpose Code,Yes,,No,Yes,18-JAN-01,G,QUEBEC,CANADA,Y,04-NOV-06,,349 341 333 315,"",Yes,438/514,514,,E,,341 333,No,No,10D,1+10D,10D,1+10D,NA,NA,NA,""
439,General Purpose Code,Yes,,Yes,No,,G,,,N,,,,"",No,,,,,,,No,No,,,,,,,,""
440,General Purpose Code,Yes,,No,Yes,12-MAR-97,G,OH,US,Y,16-AUG-97,Active,045,"",No,,216,,E,,,No,Yes,7D,1+10D,10D,1+10D,NA,NA,NA,"Carriers must provide permissive 1+10D dialing for Foreign NPA Local Calls in areas where they provide optional EAS"
441,General Purpose Code,Yes,,No,Yes,,G,BERMUDA,BERMUDA,Y,01-OCT-95,,IL94/11-016,"",No,,809,,A,,,No,No,7D,1+10D,NA,1+10D,NA,NA,NA,""
442,General Purpose Code,Yes,,No,Yes,22-JUL-99,G,CA,US,Y,21-NOV-09,,381 377 238 194 160,"",Yes,442/760,760,,P,,377 381,No,No,1+10D,1+10D,1+10D,1+10D,NA,NA,NA,""
443,General Purpose Code,Yes,,No,Yes,21-JUN-96,G,MD,US,Y,01-JUN-97,,427 299 266 IL96/06-008,"",Yes,410/443/667,410,,E,,IL96/06-008,No,No,10D,1+10D,10D,1+10D,1+10D,NA,1+10D,""
444,Easily Recognizable Code,Yes,,No,No,,N,,,N,,,,"",,,,,,,,,No,,,,,,,,""
445,General Purpose Code,Yes,,No,Yes,10-NOV-16,G,PA,US,N,08-MAR-18,Active,499 332 274 267 237,"",Yes,215/267/445,267,,E,,499,No,No,10D,10D,1+10D,1+10D,1+10D,1+10D,NA,""
446,General Purpose Code,Yes,,No,No,,G,,,N,,,,"",No,,,,,,,No,No,,,,,,,,""
447,General Purpose Code,Yes,,No,Yes,17-AUG-06,G,IL,US,N,,Active,,"",Yes,217/447,217,,C,,,No,Yes,1+10D,1+10D,1+10D,1+10D,NA,NA,NA,""
448,General Purpose Code,Yes,,Yes,No,,G,,,N,,,,"",No,,,,,,,No,No,,,,,,,,""
449,General Purpose Code,Yes,,Yes,No,,G,,,N,,,,"",No,,,,,,,No,No,,,,,,,,""
450,General Purpose Code,Yes,,No,Yes,,G,QUEBEC,CANADA,Y,13-JUN-98,,401 395 076,"",Yes,450/579,514,,E,,,No,No,10D,1+10D,1+10D,1+10D,NA,NA,NA,""
451,General Purpose Code,Yes,,Yes,No,,G,,,N,,,,"",No,,,,,,,No,No,,,,,,,,""
452,General Purpose Code,Yes,,No,No,,G,,,N,,,,"",No,,,,,,,No,No,,,,,,,,""
453,General Purpose Code,Yes,,Yes,No,,G,,,N,,,,"",No,,,,,,,No,No,,,,,,,,""
454,General Purpose Code,Yes,,No,No,,G,,,N,,,,"",No,,,,,,,No,No,,,,,,,,""
455,Easily Recognizable Code,Yes,,No,No,,N,,,N,,,,"",,,,,,,,,No,,,,,,,,""
456,General Purpose Code,No,Avail. in Nov. 2022,No,No,,,,,N,,,,"",,,,Inbound International,NA,,,,No,NA,NA,NA,NA,NA,NA,NA,""
457,General Purpose Code,Yes,,Yes,No,,G,,,N,,,,"",No,,,,,,,No,No,,,,,,,,""
458,General Purpose Code,Yes,,No,Yes,21-OCT-08,G,OR,US,Y,10-FEB-10,,383,"",Yes,458/541,541,,MP,,383,No,No,10D,1+10D,10D,1+10D,NA,NA,NA,""
459,General Purpose Code,Yes,,Yes,No,,G,,,N,,,,"",No,,,,,,,No,No,,,,,,,,""
460,General Purpose Code,Yes,,Yes,No,,G,,CANADA,N,,,,"",No,,,,,,,No,No,,,,,,,,""
461,General Purpose Code,Yes,,Yes,No,,G,,,N,,,,"",No,,,,,,,No,No,,,,,,,,""
462,General Purpose Code,Yes,,Yes,No,,G,,,N,,,,"",No,,,,,,,No,No,,,,,,,,""
463,General Purpose Code,Yes,,No,Yes,08-APR-15,G,IN,US,Y,15-NOV-16,,496 482,"",Yes,317/463,317,,E,,496,No,No,10D,1+10D,10D,1+10D,1+10D,NA,1+10D,""
464,General Purpose Code,Yes,,No,Yes,23-JUL-99,G,IL,US,N,,,195,"",Yes,464/708,708,,C,,,No,No,1+10D,1+10D,1+10D,1+10D,NA,NA,NA,""
465,General Purpose Code,Yes,,Yes,No,,G,,,N,,,,"",No,,,,,,,No,No,,,,,,,,""
466,Easily Recognizable Code,Yes,,No,No,,N,,,N,,,,"",,,,,,,,,No,,,,,,,,""
467,General Purpose Code,Yes,,No,No,,G,,,N,,,,"",No,,,,,,,No,No,,,,,,,,""
468,General Purpose Code,Yes,,Yes,No,,G,,CANADA,N,,,,"",No,,,,,,,No,No,,,,,,,,""
469,General Purpose Code,Yes,,No,Yes,15-OCT-98,G,TX,US,Y,01-JUL-99,,161 142,"",Yes,214/469/972,214,,C,,,No,No,10D,1+10D,10D,1+10D,NA,NA,NA,""
470,General Purpose Code,Yes,,No,Yes,13-FEB-01,G,GA,US,Y,26-FEB-10,,269,"",Yes,404/470/678/770,678,,E,,269,No,No,10D,1+10D,10D,1+10D,1+10D,NA,1+10D,""
471,General Purpose Code,Yes,,Yes,No,,G,,,N,,,,"",No,,,,,,,No,No,,,,,,,,""
472,General Purpose Code,Yes,,Yes,No,,G,,,N,,,,"",No,,,,,,,No,No,,,,,,,,""
473,General Purpose Code,Yes,,No,Yes,,G,GRENADA,GRENADA,Y,31-OCT-97,,024,"",No,,809,,A,,,No,No,7D,1+10D,NA,1+10D,NA,NA,NA,""
474,General Purpose Code,Yes,,Yes,No,,G,,CANADA,N,,,,"",No,,,,,,,No,No,,,,,,,,""
475,General Purpose Code,Yes,,No,Yes,04-OCT-99,G,CT,US,Y,12-DEC-09,,388 255 217,"",Yes,203/475,203,,E,,217,No,No,10D,1+10D,10D,1+10D,1+10D,NA,1+10D,""
476,General Purpose Code,Yes,,Yes,No,,G,,,N,,,,"",No,,,,,,,No,No,,,,,,,,""
477,Easily Recognizable Code,Yes,,No,No,,N,,,N,,,,"",,,,,,,,,No,,,,,,,,""
478,General Purpose Code,Yes,,No,Yes,01-OCT-99,G,GA,US,Y,01-AUG-00,,288 235 202,"",No,,912,,E,,,No,No,7D,1+10D,10D,1+10D,NA,NA,NA,""
479,General Purpose Code,Yes,,No,Yes,10-JUL-01,G,AR,US,Y,19-JAN-02,,310 302 295,"",No,,501,,C,,302,No,No,7D,1+10D,10D,1+10D,NA,NA,NA,""
480,General Purpose Code,Yes,,No,Yes,11-JAN-99,G,AZ,US,Y,01-MAR-99,,216 181 153,"",No,,602,,M,,,No,No,7D,1+10D,10D,1+10D,10D,NA,NA,""
481,General Purpose Code,Yes,,Yes,No,,G,,,N,,,,"",No,,,,,,,No,No,,,,,,,,""
482,General Purpose Code,Yes,,No,No,,G,,,N,,,,"",No,,,,,,,No,No,,,,,,,,""
483,General Purpose Code,Yes,,Yes,No,,G,,,N,,,,"",No,,,,,,,No,No,,,,,,,,""
484,General Purpose Code,Yes,,No,Yes,31-JUL-98,G,PA,US,Y,05-JUN-99,,344 237 199 135,"",Yes,484/610,610,,E,,,No,No,10D,10D,NA,1+10D,1+10D,NA,1+10D,"All calls within and between the 215 and 267 and 484 and 610 NPAs can be dialed as 10D or 1+10D.  Calls to other NPAs must be dialed as 1+10D."
485,General Purpose Code,Yes,,Yes,No,,G,,,N,,,,"",No,,,,,,,No,No,,,,,,,,""
486,General Purpose Code,Yes,,Yes,No,,G,,,N,,,,"",No,,,,,,,No,No,,,,,,,,""
487,General Purpose Code,Yes,,Yes,No,,G,,CANADA,N,,,,"",No,,,,,,,No,No,,,,,,,,""
488,Easily Recognizable Code,Yes,,No,No,,N,,,N,,,,"",,,,,,,,,No,,,,,,,,""
489,General Purpose Code,Yes,,Yes,No,,G,,,N,,,,"",No,,,,,,,No,No,,,,,,,,""
490,General Purpose Code,No,Expansion Code,No,No,,,,,N,,,,"",No,,,,,,,No,No,,,,,,,,""
491,General Purpose Code,No,Expansion Code,No,No,,,,,N,,,,"",No,,,,,,,No,No,,,,,,,,""
492,General Purpose Code,No,Expansion Code,No,No,,,,,N,,,,"",No,,,,,,,No,No,,,,,,,,""
493,General Purpose Code,No,Expansion Code,No,No,,,,,N,,,,"",No,,,,,,,No,No,,,,,,,,""
494,General Purpose Code,No,Expansion Code,No,No,,,,,N,,,,"",No,,,,,,,No,No,,,,,,,,""
495,General Purpose Code,No,Expansion Code,No,No,,,,,N,,,,"",No,,,,,,,No,No,,,,,,,,""
496,General Purpose Code,No,Expansion Code,No,No,,,,,N,,,,"",No,,,,,,,No,No,,,,,,,,""
497,General Purpose Code,No,Expansion Code,No,No,,,,,N,,,,"",No,,,,,,,No,No,,,,,,,,""
498,General Purpose Code,No,Expansion Code,No,No,,,,,N,,,,"",No,,,,,,,No,No,,,,,,,,""
499,Easily Recognizable Code,No,Expansion Code,No,No,,,,,N,,,,"",,,,,,,,,No,,,,,,,,""
500,Easily Recognizable Code,Yes,,No,Yes,19-MAY-94,N,NANP AREA,,Y,19-MAY-94,,432 424 416 411 406 399 394 382 379 372 IL-94/05-005,"Non-geographic services",No,500/533/544/566/577/588/522/521,,Non-Geographic Services,E,,,No,No,NA,NA,NA,NA,NA,NA,NA,""
501,General Purpose Code,Yes,,No,Yes,01-JAN-47,G,AR,US,Y,01-JAN-47,,310 302 295 33,"",No,,,,C,,302,No,No,7D,1+10D,10D,1+10D,NA,NA,NA,""
502,General Purpose Code,Yes,,No,Yes,01-JAN-47,G,KY,US,Y,01-JAN-47,,,"",No,,,,E,,,No,No,7D,1+10D,7D,1+10D,NA,NA,NA,""
503,General Purpose Code,Yes,,No,Yes,01-JAN-47,G,OR,US,Y,01-JAN-47,,3590203 182,"",Yes,503/971,,,P,,359,No,No,10D,1+10D,10D,1+10D,NA,NA,NA,""
504,General Purpose Code,Yes,,No,Yes,01-JAN-47,G,LA,US,Y,01-JAN-47,,301 242,"",No,,,,C,,242,No,No,7D,1+10D,10D,1+10D,NA,NA,NA,""
505,General Purpose Code,Yes,,No,Yes,01-JAN-47,G,NM,US,Y,01-JAN-47,,380 358 328 312 292,"",No,,,,M,,358,No,No,7D,1+10D,10D,1+10D,NA,NA,NA,""
506,General Purpose Code,Yes,,No,Yes,01-JAN-55,G,NEW BRUNSWICK,CANADA,Y,01-JAN-55,,,"",No,,,,A,,,No,No,7D,1+10D,NA,1+10D,NA,NA,NA,""
507,General Purpose Code,Yes,,No,Yes,01-JAN-54,G,MN,US,Y,01-JAN-54,,,"",No,,,,C,,,No,No,7D,1+10D,7D,1+10D,NA,NA,NA,""
508,General Purpose Code,Yes,,No,Yes,02-JUL-87,G,MA,US,Y,16-JUL-88,,234 122 IL87/07-003,"",Yes,508/774,617,,E,,234,No,No,10D,1+10D,10D,1+10D,1+10D,1+10D,NA,""
509,General Purpose Code,Yes,,No,Yes,01-JAN-57,G,WA,US,Y,01-JAN-57,,,"",No,,,,P,,,No,No,7D,1+10D,10D,1+10D,NA,NA,NA,""
510,General Purpose Code,Yes,,No,Yes,25-APR-90,G,CA,US,Y,02-SEP-91,Active,413 206 190 IL90/06-023,"",No,,415,,P,,,No,Yes,7D,7D,1+10D,1+10D,1+10D,1+10D,NA,""
511,Easily Recognizable Code,No,N11 Code,No,No,,,,,N,,,,"",,,,,,,,,No,,,,,,,,""
512,General Purpose Code,Yes,,No,Yes,01-JAN-47,G,TX,US,Y,01-JAN-47,Active,438 233 158 IL92/03-068,"",Yes,512/737,,,C,,,No,Yes,10D,1+10D,10D,1+10D,NA,NA,NA,""
513,General Purpose Code,Yes,,No,Yes,01-JAN-47,G,OH,US,Y,01-JAN-47,,316 286 272 264,"",Yes,283/513,,,E,,286,No,No,7D,1+10D,10D,1+10D,10D 1+10D,NA,NA,"Carriers must provide permissive 1+10D dialing for Foreign NPA Local Calls in areas where they provide optional EAS"
514,General Purpose Code,Yes,,No,Yes,01-JAN-47,G,QUEBEC,CANADA,Y,01-JAN-47,,349 341 333 315,"",Yes,438/514,,,E,,349,No,No,10D,1+10D,10D,1+10D,NA,NA,NA,"Dialing plan changes on 6/4/05 to introduce permissive 10D dialing in preparation for 438 overlay."
515,General Purpose Code,Yes,,No,Yes,01-JAN-47,G,IA,US,Y,01-JAN-47,,228,"",No,,,,C,,,No,No,7D,1+10D,10D,1+10D,10D,NA,NA,""
516,General Purpose Code,Yes,,No,Yes,01-JAN-51,G,NY,US,Y,01-JAN-51,Active,300 184,"",No,,,,E,,,No,Yes,7D,7D,1+10D,1+10D,NA,NA,NA,""
517,General Purpose Code,Yes,,No,Yes,01-JAN-47,G,MI,US,Y,01-JAN-47,,251 244 226 212,"",No,,,,E,,212,No,No,7D,1+10D,10D,1+10D,10D,NA,NA,""
518,General Purpose Code,Yes,,No,Yes,01-JAN-47,G,NY,US,Y,01-JAN-47,,497,"",Yes,518/838,,,E,,497,No,No,10D,10D,1+10D,1+10D,1+10D,1+10D,NA,""
519,General Purpose Code,Yes,,No,Yes,01-JAN-53,G,ONTARIO,CANADA,Y,01-JAN-53,,350 343 342,"",Yes,226/519/548,,,E,,350,No,No,10D,1+10D,10D,1+10D,NA,NA,NA,""
520,General Purpose Code,Yes,,No,Yes,21-JAN-94,G,AZ,US,Y,19-MAR-95,,IL94-01-030,"",No,,602,,M,,,No,No,7D,1+10D,10D,1+10D,NA,NA,NA,""
521,General Purpose Code,Yes,,Yes,No,21-SEP-17,N,NANP AREA,,Y,21-SEP-17,,511  505,"Non-Geographic Services",No,500/533/544/566/577/588/522/521,500,Non-Geographic Services,E,,,No,No,NA,NA,NA,NA,NA,NA,NA,""
522,Easily Recognizable Code,Yes,,No,Yes,01-AUG-16,N,NANP AREA,,Y,01-AUG-16,,493  491,"Non-Geographic Services",No,500/533/544/566/577/588/522/521,588,Non-Geographic Services,E,,,No,No,NA,NA,NA,NA,NA,NA,NA,""
523,General Purpose Code,Yes,,Yes,No,,N,NANP AREA,,N,,,,"",No,,,Non-Geographic Services,,,,No,No,,,,,,,,""
524,General Purpose Code,Yes,,Yes,No,,N,NANP AREA,,N,,,,"",No,,,Non-Geographic Services,,,,No,No,,,,,,,,""
525,General Purpose Code,Yes,,Yes,No,,N,NANP AREA,,N,,,,"",No,,,Non-Geographic Services,,,,No,No,,,,,,,,""
526,General Purpose Code,Yes,,Yes,No,,N,NANP AREA,,N,,,,"",No,,,Non-Geographic Services,,,,No,No,,,,,,,,""
527,General Purpose Code,Yes,,Yes,No,,N,NANP AREA,,N,,,,"",No,,,Non-Geographic Services,,,,No,No,,,,,,,,""
528,General Purpose Code,Yes,,Yes,No,,N,NANP AREA,,N,,,,"",No,,,Non-Geographic Services,,,,No,No,,,,,,,,""
529,General Purpose Code,Yes,,Yes,No,,N,NANP AREA,,N,,,,"",No,,,Non-Geographic Services,,,,No,No,,,,,,,,""
530,General Purpose Code,Yes,,No,Yes,23-JUN-97,G,CA,US,Y,01-NOV-97,,108 072,"",No,,916,,P,,,No,No,7D,7D,1+10D,1+10D,1+10D,1+10D,NA,""
531,General Purpose Code,Yes,,No,Yes,01-JUL-09,G,NE,US,Y,26-MAR-11,,410 397 393,"",Yes,402/531,402,,C,,393,No,No,10D,1+10D,10D,1+10D,NA,NA,NA,""
532,General Purpose Code,Yes,,Yes,No,,N,NANP AREA,,N,,,,"",No,,,Non-Geographic Services,,,,No,No,,,,,,,,""
533,Easily Recognizable Code,Yes,,No,Yes,03-JAN-08,N,NANP AREA,,Y,26-SEP-09,,432 424 416 411 406 399 394 382 379 372,"Non-geographic services",No,500/533/544/566/577/588/522/521,500,Non-Geographic Services,E,,,No,No,NA,NA,NA,NA,NA,NA,NA,""
534,General Purpose Code,Yes,,No,Yes,06-NOV-08,G,WI,US,Y,14-AUG-10,,384,"",Yes,534/715,715,,C,,384,No,No,10D,1+10D,10D,1+10D,1+10D,NA,1+10D,""
535,General Purpose Code,Yes,,Yes,No,,N,NANP AREA,,N,,,,"",No,,,Non-Geographic Services,,,,No,No,,,,,,,,""
536,General Purpose Code,Yes,,Yes,No,,G,,,N,,,,"",No,,,,,,,No,No,,,,,,,,""
537,General Purpose Code,Yes,,Yes,No,,G,,CANADA,N,,,,"",No,,,,,,,No,No,,,,,,,,""
538,General Purpose Code,Yes,,Yes,No,,N,NANP AREA,,N,,,,"",No,,,Non-Geographic Services,,,,No,No,,,,,,,,""
539,General Purpose Code,Yes,,No,Yes,04-JAN-10,G,OK,US,Y,01-APR-11,,403,"",Yes,539/918,918,,C,,403,No,No,10D,1+10D,10D,1+10D,NA,NA,NA,""
540,General Purpose Code,Yes,,No,Yes,09-AUG-94,G,VA,US,Y,15-JUL-95,Active,319 285 275 207 IL94/08-005 IL95/04-007,"",No,,703,,E,,275,No,Yes,7D,1+10D,10D,1+10D,NA,NA,NA,""
541,General Purpose Code,Yes,,No,Yes,19-MAY-95,G,OR,US,Y,05-NOV-95,,383 IL95/05-007,"",Yes,458/541,503,,MP,,,No,No,10D,1+10D,10D,1+10D,NA,NA,NA,""
542,General Purpose Code,Yes,,Yes,No,,N,NANP AREA,,N,,,,"",No,,,Non-Geographic Services,,,,No,No,,,,,,,,""
543,General Purpose Code,Yes,,Yes,No,,N,NANP AREA,,N,,,,"",No,,,Non-Geographic Services,,,,No,No,,,,,,,,""
544,Easily Recognizable Code,Yes,,No,Yes,30-JUN-10,N,NANP AREA,,Y,15-DEC-10,,432 424 416 411 406,"Non-geographic services",No,500/533/544/566/577/588/522/521,500,Non-Geographic Services,E,,,No,No,NA,NA,NA,NA,NA,NA,NA,""
545,General Purpose Code,Yes,,Yes,No,,N,NANP AREA,,N,,,,"",No,,,Non-Geographic Services,,,,No,No,,,,,,,,""
546,General Purpose Code,Yes,,Yes,No,,N,NANP AREA,,N,,,,"",No,,,Non-Geographic Services,,,,No,No,,,,,,,,""
547,General Purpose Code,Yes,,Yes,No,,N,NANP AREA,,N,,,,"",No,,,Non-Geographic Services,,,,No,No,,,,,,,,""
548,General Purpose Code,Yes,,No,Yes,31-OCT-13,G,ONTARIO,CANADA,Y,04-JUN-16,,472 467,"",Yes,226/519/548,226,,E,,472,No,No,10D,1+10D,10D,1+10D,NA,NA,NA,""
549,General Purpose Code,Yes,,Yes,No,,N,NANP AREA,,N,,,,"",No,,,Non-Geographic Services,,,,No,No,,,,,,,,""
550,General Purpose Code,Yes,,Yes,No,,N,NANP AREA,,N,,,,"",No,,,Non-Geographic Services,,,,No,No,,,,,,,,""
551,General Purpose Code,Yes,,No,Yes,02-APR-01,G,NJ,US,Y,29-DEC-01,,277,"",Yes,201/551,201,,E,,277,No,No,10D,10D,1+10D,1+10D,1+10D,NA,NA,"Calls between the 551 and 201 NPAs may be dialed as 10D."
552,General Purpose Code,Yes,,Yes,No,,N,NANP AREA,,N,,,,"",No,,,Non-Geographic Services,,,,No,No,,,,,,,,""
553,General Purpose Code,Yes,,Yes,No,,N,NANP AREA,,N,,,,"",No,,,Non-Geographic Services,,,,No,No,,,,,,,,""
554,General Purpose Code,Yes,,Yes,No,,N,NANP AREA,,N,,,,"",No,,,Non-Geographic Services,,,,No,No,,,,,,,,""
555,Easily Recognizable Code,No,Directory Assistance,No,No,,,,,N,,,,"",,,,,,,,,No,,,,,,,,""
556,General Purpose Code,Yes,,Yes,No,,N,NANP AREA,,N,,,,"",No,,,Non-Geographic Services,,,,No,No,,,,,,,,""
557,General Purpose Code,Yes,,No,Yes,30-OCT-00,G,MO,US,N,,Suspended,303 279 261,"",Yes,314/557,314,,C,,261,No,Yes,10D,1+10D,10D,1+10D,NA,NA,NA,""
558,General Purpose Code,Yes,,Yes,No,,N,NANP AREA,,N,,,,"Non-Geographic Services",No,,,,,,,No,No,,,,,,,,""
559,General Purpose Code,Yes,,No,Yes,06-NOV-97,G,CA,US,Y,14-NOV-98,,098,"",No,,209,,P,,,No,No,7D,7D,1+10D,1+10D,1+10D,1+10D,NA,""
560,General Purpose Code,Yes,,Yes,No,,G,,,N,,,,"",No,,,,,,,No,No,,,,,,,,""
561,General Purpose Code,Yes,,No,Yes,08-FEB-96,G,FL,US,Y,13-MAY-96,,311 171 IL96/02-004,"",No,,407,,E,,311,No,No,7D,1+10D,10D,1+10D,NA,NA,NA,"See Planning Letter 291 for local dialing into the 954-754 NPAs."
562,General Purpose Code,Yes,,No,Yes,28-DEC-94,G,CA,US,Y,25-JAN-97,,IL94/12-008 IL96/01-012,"",No,,310,,P,,,No,No,7D,7D,1+10D,1+10D,1+10D,1+10D,NA,""
563,General Purpose Code,Yes,,No,Yes,20-NOV-00,G,IA,US,Y,25-MAR-01,,253,"",No,,319,,C,,253,No,No,7D,1+10D,10D,1+10D,NA,NA,NA,""
564,General Purpose Code,Yes,,No,Yes,20-SEP-99,G,WA,US,Y,28-AUG-17,,492 298 239 196,"",Yes,360/564,360,,P,,492,No,No,10D,1+10D,10D,1+10D,1+10D,NA,1+10D,""
565,General Purpose Code,Yes,,Yes,No,,G,,,N,,,,"",No,,,,,,,No,No,,,,,,,,""
566,Easily Recognizable Code,Yes,,No,Yes,05-AUG-11,N,NANP AREA,,Y,17-APR-12,,466 464 436 432 424,"Non-geographic services",No,500/533/544/566/577/588/522/521,500,Non-Geographic Services,E,,,No,No,NA,NA,NA,NA,NA,NA,NA,""
567,General Purpose Code,Yes,,No,Yes,14-JUL-00,G,OH,US,Y,01-JAN-02,,249,"",Yes,419/567,419,,E,,249,No,No,10D,1+10D,10D,1+10D,1+10D,NA,NA,"Carriers must provide permissive 1+10D dialing for Foreign NPA Local Calls in areas where they provide optional EAS"
568,General Purpose Code,Yes,,Yes,No,,G,,CANADA,N,,,,"",No,,,,,,,No,No,,,,,,,,""
569,General Purpose Code,Yes,,Yes,No,,N,NANP AREA,,N,,,,"",No,,,Non-Geographic Services,,,,No,No,,,,,,,,""
570,General Purpose Code,Yes,,No,Yes,31-JUL-98,G,PA,US,Y,05-DEC-98,,451 444 409 136,"",Yes,272/570,717,,E,,451,No,No,10D,10D,1+10D,1+10D,1+10D,1+10D,NA,""
571,General Purpose Code,Yes,,No,Yes,01-JUN-99,G,VA,US,Y,01-MAR-00,,177,"",Yes,571/703,703,,E,,,No,No,10D,1+10D,10D,1+10D,NA,NA,NA,""
572,General Purpose Code,Yes,,Yes,No,,G,,,N,,,,"",No,,,,,,,No,No,,,,,,,,""
573,General Purpose Code,Yes,,No,Yes,31-AUG-95,G,MO,US,Y,07-JAN-96,,IL95/08-015,"",No,,314,,C,,,No,No,7D,1+10D,10D,1+10D,NA,NA,NA,""
574,General Purpose Code,Yes,,No,Yes,20-JUN-01,G,IN,US,Y,15-JAN-02,,309 296,"",No,,219,,EC,,309,No,No,7D,1+10D,10D,1+10D,NA,NA,NA,""
575,General Purpose Code,Yes,,No,Yes,09-NOV-06,G,NM,US,Y,07-OCT-07,,380 358 328 312 292,"",No,,505,,M,,358,No,No,7D,1+10D,10D,1+10D,NA,NA,NA,""
576,General Purpose Code,Yes,,Yes,No,,G,,,N,,,,"",No,,,,,,,No,No,,,,,,,,""
577,Easily Recognizable Code,Yes,,No,Yes,27-MAR-14,N,NANP AREA,,Y,27-MAR-14,,466 458,"Non-geographic services",No,500/533/544/566/577/588/522/521,500,Non-Geographic Services,E,,,No,No,NA,NA,NA,NA,NA,NA,NA,""
578,General Purpose Code,Yes,,Yes,No,,N,NANP AREA,,N,,,,"",No,,,Non-Geographic Services,,,,No,No,,,,,,,,""
579,General Purpose Code,Yes,,No,Yes,04-AUG-09,G,QUEBEC,CANADA,Y,21-AUG-10,,401 395,"",Yes,450/579,450,,E,,,No,No,10D,1+10D,1+10D,1+10D,NA,NA,NA,""
580,General Purpose Code,Yes,,No,Yes,11-SEP-97,G,OK,US,Y,01-NOV-97,Active,085,"",No,,405,,C,,,No,Yes,7D,1+10D,7D,1+10D,NA,NA,NA,""
581,General Purpose Code,Yes,,No,Yes,06-FEB-17,G,QUEBEC,CANADA,Y,19-SEP-08,,PL-373R1,"",Yes,418/581/367,418,,E,,PL-373R1,No,Yes,10D,1+10D,10D,1+10D,NA,NA,NA,""
582,General Purpose Code,Yes,,Yes,No,,G,,US,N,,,,"",No,,,,,,,No,No,NA,NA,NA,NA,NA,NA,NA,""
583,General Purpose Code,Yes,,Yes,No,,G,,,N,,,,"",No,,,,,,,No,No,,,,,,,,""
584,General Purpose Code,Yes,,Yes,No,,G,,CANADA,N,,,,"",No,,,,,,,No,No,,,,,,,,""
585,General Purpose Code,Yes,,No,Yes,23-MAR-01,G,NY,US,Y,15-NOV-01,,278 270,"",No,,716,,E,,270,No,No,7D,7D,1+10D,1+10D,NA,NA,NA,""
586,General Purpose Code,Yes,,No,Yes,08-JUL-99,G,MI,US,Y,22-SEP-01,,282 273 265 221 192,"",No,,810,,E,,265,No,No,7D,1+10D,10D,1+10D,10D,NA,NA,""
587,General Purpose Code,Yes,,No,Yes,14-JUN-07,G,ALBERTA,CANADA,Y,19-SEP-08,,374 369 364,"",Yes,403/587/780,780,,M,,,No,No,10D,1+10D,10D,1+10D,NA,NA,NA,""
588,Easily Recognizable Code,Yes,,No,Yes,09-SEP-15,N,NANP AREA,,Y,09-SEP-15,,487 486 479,"Non-Geographic Services",No,500/533/544/566/577/588/522/521,500,Non-Geographic Services,E,,,No,No,NA,NA,NA,NA,NA,NA,NA,""
589,General Purpose Code,Yes,,Yes,No,,N,,,N,,,,"",No,,,Non-Geographic Services,,,,No,No,,,,,,,,""
590,General Purpose Code,No,Expansion Code,No,No,,,,,N,,,,"",No,,,,,,,No,No,,,,,,,,""
591,General Purpose Code,No,Expansion Code,No,No,,,,,N,,,,"",No,,,,,,,No,No,,,,,,,,""
592,General Purpose Code,No,Expansion Code,No,No,,,,,N,,,,"",No,,,,,,,No,No,,,,,,,,""
593,General Purpose Code,No,Expansion Code,No,No,,,,,N,,,,"",No,,,,,,,No,No,,,,,,,,""
594,General Purpose Code,No,Expansion Code,No,No,,,,,N,,,,"",No,,,,,,,No,No,,,,,,,,""
595,General Purpose Code,No,Expansion Code,No,No,,,,,N,,,,"",No,,,,,,,No,No,,,,,,,,""
596,General Purpose Code,No,Expansion Code,No,No,,,,,N,,,,"",No,,,,,,,No,No,,,,,,,,""
597,General Purpose Code,No,Expansion Code,No,No,,,,,N,,,,"",No,,,,,,,No,No,,,,,,,,""
598,General Purpose Code,No,Expansion Code,No,No,,,,,N,,,,"",No,,,,,,,No,No,,,,,,,,""
599,Easily Recognizable Code,No,Expansion Code,No,No,,,,,N,,,,"",,,,,,,,,No,,,,,,,,""
600,Easily Recognizable Code,Yes,,No,Yes,15-APR-93,N,,CANADA,Y,01-OCT-93,,IL-93/04-026,"Canadian Non-Geographic Tariffed Services",No,,,Canadian Non-Geographic Tariffed Services,E,,,No,No,NA,NA,NA,NA,NA,NA,NA,""
601,General Purpose Code,Yes,,No,Yes,01-JAN-47,G,MS,US,Y,01-JAN-47,,,"",Yes,601/769,,,C,,,No,No,10D,1+10D,10D,1+10D,NA,NA,NA,""
602,General Purpose Code,Yes,,No,Yes,01-JAN-47,G,AZ,US,Y,01-JAN-47,,216 181 153 IL94/01-030,"",No,,,,M,,,No,No,7D,1+10D,10D,1+10D,10D,NA,NA,""
603,General Purpose Code,Yes,,No,Yes,01-JAN-47,G,NH,US,Y,01-JAN-47,Active,163,"",No,,,,E,,,No,Yes,7D,7D,1+10D,1+10D,NA,1+10D,NA,""
604,General Purpose Code,Yes,,No,Yes,01-JAN-47,G,BRITISH COLUMBIA,CANADA,Y,01-JAN-47,,450 428 361 246,"",Yes,604/778,,,P,,246,No,No,10D,1+10D,10D,1+10D,NA,NA,NA,""
605,General Purpose Code,Yes,,No,Yes,01-JAN-47,G,SD,US,Y,01-JAN-47,,,"",No,,,,CM,,,No,No,7D,1+10D,7D,1+10D,NA,NA,NA,""
606,General Purpose Code,Yes,,No,Yes,01-JAN-55,G,KY,US,Y,01-JAN-55,,205,"",No,,,,EC,,,No,No,7D,1+10D,10D,1+10D,NA,NA,NA,"Some cross-boundary 7D local dialing exists"
607,General Purpose Code,Yes,,No,Yes,01-JAN-54,G,NY,US,Y,01-JAN-54,,,"",No,,,,E,,,No,No,7D,7D,1+10D,1+10D,NA,NA,NA,""
608,General Purpose Code,Yes,,No,Yes,01-JAN-55,G,WI,US,Y,01-JAN-55,,,"",No,,,,C,,,No,No,7D,1+10D,1+10D,1+10D,NA,NA,NA,""
609,General Purpose Code,Yes,,No,Yes,01-JAN-57,G,NJ,US,Y,01-JAN-57,Active,508,"",Yes,609/640,201,,E,,508,No,Yes,7D,7D,1+10D,1+10D,1+10D,1+10D,1+10D,""
610,General Purpose Code,Yes,,No,Yes,05-JAN-93,G,PA,US,Y,08-JAN-94,,IL93/01-001,"",Yes,484/610,215,,E,,237,No,No,10D,10D,NA,1+10D,1+10D,NA,1+10D,"All calls within and between the 215 and 267 and 484 and 610 NPAs can be dialed as 10D or 1+10D.  Calls to other NPAs must be dialed as 1+10D."
611,Easily Recognizable Code,No,N11 Code,No,No,,,,,N,,,,"",,,,,,,,,No,,,,,,,,""
612,General Purpose Code,Yes,,No,Yes,01-JAN-47,G,MN,US,Y,01-JAN-47,,200,"",No,,,,C,,,No,No,7D,1+10D,10D,1+10D,1+10D,NA,1+10D,""
613,General Purpose Code,Yes,,No,Yes,01-JAN-47,G,ONTARIO,CANADA,Y,01-JAN-47,,386 355,"",Yes,343/613,,,E,,,No,No,10D,1+10D,10D,1+10D,NA,NA,NA,""
614,General Purpose Code,Yes,,No,Yes,01-JAN-47,G,OH,US,Y,01-JAN-47,,477 317 297 290,"",Yes,614/380,,,E,,477,No,No,10D,1+10D,10D,1+10D,1+10D,NA,1+10D,"Carriers must provide permissive 1+10D dialing for Foreign NPA Local Calls in areas where they provide optional EAS"
615,General Purpose Code,Yes,,No,Yes,01-JAN-54,G,TN,US,Y,01-JAN-54,,459 081,"",Yes,615/629,,,C,,459,No,No,10D,1+10D,10D,1+10D,1+10D,NA,1+10D,""
616,General Purpose Code,Yes,,No,Yes,01-JAN-47,G,MI,US,Y,01-JAN-47,,324 294,"",No,,,,E,,294,No,No,7D,1+10D,10D,1+10D,10D,NA,NA,""
617,General Purpose Code,Yes,,No,Yes,01-JAN-47,G,MA,US,Y,01-JAN-47,,234 122,"",Yes,617/857,,,E,,234,No,No,10D,1+10D,10D,1+10D,1+10D,1+10D,NA,""
618,General Purpose Code,Yes,,No,Yes,01-JAN-47,G,IL,US,Y,01-JAN-47,Active,,"",Yes,618/730,,,C,,,Yes,Yes,7D,1+10D,1+10D,1+10D,NA,NA,NA,""
619,General Purpose Code,Yes,,No,Yes,01-JAN-82,G,CA,US,Y,01-JAN-82,Active,507 421 230 128,"",No,,714,,P,,507,No,Yes,7D,7D,1+10D,1+10D,1+10D,1+10D,NA,""
620,General Purpose Code,Yes,,No,Yes,14-SEP-00,G,KS,US,Y,03-FEB-01,,245,"",No,,316,,CM,,245,No,No,7D,1+10D,10D,1+10D,NA,NA,NA,""
621,General Purpose Code,Yes,,Yes,No,,G,,,N,,,,"",No,,,,,,,No,No,,,,,,,,""
622,Easily Recognizable Code,Yes,,No,Yes,23-FEB-15,N,CANADA,CANADA,Y,23-MAR-15,,484  478,"Canadian Non-Geographic Services",No,,,Canadian Non-Geographic Services,E,,,No,No,NA,NA,NA,NA,NA,NA,NA,""
623,General Purpose Code,Yes,,No,Yes,11-JAN-99,G,AZ,US,Y,01-MAR-99,,216 181 153,"",No,,602,,M,,,No,No,7D,1+10D,10D,1+10D,10D,NA,NA,""
624,General Purpose Code,Yes,,Yes,No,,G,,,N,,,,"",No,,,,,,,No,No,,,,,,,,""
625,General Purpose Code,Yes,,Yes,No,,G,,,N,,,,"",No,,,,,,,No,No,,,,,,,,""
626,General Purpose Code,Yes,,No,Yes,02-JAN-97,G,CA,US,Y,14-JUN-97,,028,"",No,,818,,P,,,No,No,7D,7D,1+10D,1+10D,1+10D,1+10D,NA,""
627,General Purpose Code,Yes,,Yes,No,,G,,US,N,,,,"",No,,,,,,,No,No,TBD,TBD,TBD,TBD,TBD,TBD,TBD,""
628,General Purpose Code,Yes,,No,Yes,19-DEC-13,G,CA,US,Y,21-MAR-15,,461,"",Yes,415/628,415,,P,,461,No,No,1+10D,1+10D,1+10D,1+10D,NA,NA,NA,""
629,General Purpose Code,Yes,,No,Yes,23-OCT-13,G,TN,US,Y,28-MAR-15,,459,"",Yes,615/629,615,,C,,459,No,No,10D,1+10D,10D,1+10D,1+10D,NA,1+10D,""
630,General Purpose Code,Yes,,No,Yes,09-AUG-94,G,IL,US,Y,03-AUG-96,,362 357 195 IL95/07-015,"",Yes,331/630,708,,C,,,No,No,1+10D,1+10D,1+10D,1+10D,NA,NA,NA,""
631,General Purpose Code,Yes,,No,Yes,05-MAY-99,G,NY,US,Y,01-NOV-99,,476R1  300 184,"",Yes,631/934,516,,E,,184,No,No,10D,10D,1+10D,1+10D,1+10D,1+10D,NA,""
632,General Purpose Code,Yes,,Yes,No,,G,,,N,,,,"",No,,,,,,,No,No,,,,,,,,""
633,Easily Recognizable Code,Yes,,Yes,No,,N,,,N,,,,"",,,,,,,,,No,,,,,,,,""
634,General Purpose Code,Yes,,Yes,No,,G,,,N,,,,"",No,,,,,,,No,No,,,,,,,,""
635,General Purpose Code,Yes,,No,No,,G,,,N,,,,"",No,,,,,,,No,No,,,,,,,,""
636,General Purpose Code,Yes,,No,Yes,15-APR-99,G,MO,US,Y,22-MAY-99,,165,"",No,,314,,C,,,No,No,7D,1+10D,10D,1+10D,NA,NA,NA,""
637,General Purpose Code,Yes,,No,No,,G,,,N,,,,"",No,,,,,,,No,No,,,,,,,,""
638,General Purpose Code,Yes,,No,No,,G,,,N,,,,"",No,,,,,,,No,No,,,,,,,,""
639,General Purpose Code,Yes,,No,Yes,26-AUG-11,G,SASKATCHEWAN,CANADA,Y,25-MAY-13,,446 439 431,"",Yes,306/639,306,,C,,431,No,No,10D,1+10D,10D,1+10D,NA,NA,NA,""
640,General Purpose Code,Yes,,No,Yes,21-APR-17,G,NJ,US,N,17-SEP-18,Active,508,"",Yes,609/640,609,,E,,508,No,Yes,10D,10D,1+10D,1+10D,1+10D,1+10D,NA,""
641,General Purpose Code,Yes,,No,Yes,25-FEB-00,G,IA,US,Y,09-JUL-00,,228,"",No,,515,,C,,228,No,No,7D,1+10D,10D,1+10D,NA,NA,NA,""
642,General Purpose Code,Yes,,Yes,No,,G,,,N,,,,"",No,,,,,,,No,No,,,,,,,,""
643,General Purpose Code,Yes,,No,No,,G,,,N,,,,"",No,,,,,,,No,No,,,,,,,,""
644,Easily Recognizable Code,Yes,,Yes,No,,N,,,N,,,,"",,,,,,,,,No,,,,,,,,""
645,General Purpose Code,Yes,,Yes,No,,G,,,N,,,,"",No,,,,,,,No,No,,,,,,,,""
646,General Purpose Code,Yes,,No,Yes,07-MAY-99,G,NY,US,Y,01-JUL-99,Active,489 314 175,"",Yes,212/332/646/917,212,,E,,489,No,Yes,1+10D,1+10D,1+10D,1+10D,10D,NA,NA,""
647,General Purpose Code,Yes,,No,Yes,14-DEC-99,G,ONTARIO,CANADA,Y,05-MAR-01,,441 426 218,"",Yes,416/437/647,416,,E,,218,No,No,10D,1+10D,10D,1+10D,NA,NA,NA,""
648,General Purpose Code,Yes,,No,No,,G,,,N,,,,"",No,,,,,,,No,No,,,,,,,,""
649,General Purpose Code,Yes,,No,Yes,,G,TURKS & CAICOS ISLANDS,TURKS & CAICOS ISLANDS,Y,01-JUN-97,,029,"",No,,809,,E,,,No,No,7D,1+10D,NA,1+10D,NA,NA,NA,""
650,General Purpose Code,Yes,,No,Yes,22-NOV-96,G,CA,US,Y,02-AUG-97,,421 206 193 129 071 022,"",No,,415,,P,,,No,No,7D,7D,1+10D,1+10D,1+10D,1+10D,NA,""
651,General Purpose Code,Yes,,No,Yes,21-APR-98,G,MN,US,Y,12-JUL-98,,120,"",No,,612,,C,,,No,No,7D,1+10D,10D,1+10D,1+10D,NA,1+10D,""
652,General Purpose Code,Yes,,Yes,No,,G,,,N,,,,"",No,,,,,,,No,No,,,,,,,,""
653,General Purpose Code,Yes,,No,No,,G,,,N,,,,"",No,,,,,,,No,No,,,,,,,,""
654,General Purpose Code,Yes,,No,No,,G,,,N,,,,"",No,,,,,,,No,No,,,,,,,,""
655,Easily Recognizable Code,Yes,,Yes,No,,N,,,N,,,,"",,,,,,,,,No,,,,,,,,""
656,General Purpose Code,Yes,,Yes,No,,G,,,N,,,,"",No,,,,,,,No,No,,,,,,,,""
657,General Purpose Code,Yes,,No,Yes,01-APR-99,G,CA,US,Y,23-SEP-08,,368 206 169,"",Yes,657/714,714,,P,,,No,No,1+10D,1+10D,1+10D,1+10D,NA,NA,NA,""
658,General Purpose Code,Yes,,No,Yes,15-AUG-17,G,JAMAICA,JAMAICA,N,30-NOV-18,Active,510,"",Yes,876/658,876,,E,,510,No,Yes,10D,1+10D,10D,1+10D,NA,NA,NA,""
659,General Purpose Code,Yes,,No,Yes,12-APR-01,G,AL,US,N,,,289 284,"",Yes,205/659,205,,C,,284,No,No,10D,1+10D,1+10D,1+10D,NA,NA,NA,""
660,General Purpose Code,Yes,,No,Yes,28-JUL-97,G,MO,US,Y,12-OCT-97,,077,"",No,,816,,C,,,No,No,7D,1+10D,10D,1+10D,NA,NA,NA,""
661,General Purpose Code,Yes,,No,Yes,12-FEB-98,G,CA,US,Y,13-FEB-99,,111,"",No,,805,,P,,,No,No,7D,7D,1+10D,1+10D,1+10D,1+10D,NA,""
662,General Purpose Code,Yes,,No,Yes,18-SEP-98,G,MS,US,Y,19-APR-99,Active,166,"",No,,601,,C,,,No,Yes,7D,1+10D,10D,1+10D,NA,NA,NA,""
663,General Purpose Code,Yes,,Yes,No,,G,,,N,,,,"",No,,,,,,,No,No,,,,,,,,""
664,General Purpose Code,Yes,,No,Yes,,G,MONTSERRAT,MONTSERRAT,Y,01-JUL-96,,IL96/04-010,"",No,,809,,A,,,No,No,7D,1+10D,NA,1+10D,NA,NA,NA,""
665,General Purpose Code,Yes,,Yes,No,,G,,,N,,,,"",No,,,,,,,No,No,,,,,,,,""
666,Easily Recognizable Code,Yes,,No,No,,N,,,N,,,,"",,,,,,,,,No,,,,,,,,""
667,General Purpose Code,Yes,,No,Yes,03-JAN-01,G,MD,US,Y,24-MAR-12,,427 266,"",Yes,410/443/667,443,,E,,427,No,No,10D,1+10D,10D,1+10D,1+10D,NA,1+10D,""
668,General Purpose Code,Yes,,No,No,,G,,,N,,,,"",No,,,,,,,No,No,,,,,,,,""
669,General Purpose Code,Yes,,No,Yes,20-NOV-98,G,CA,US,Y,20-NOV-12,,430 206 149,"",Yes,408/669,408,,P,,430,No,No,1+10D,1+10D,1+10D,1+10D,NA,NA,NA,""
670,General Purpose Code,Yes,,No,Yes,04-SEP-96,G,CNMI,US,Y,01-JUL-97,,010,"",No,,,,(UTC+10),,,No,No,7D,1+10D,NA,1+10D,NA,NA,NA,""
671,General Purpose Code,Yes,,No,Yes,05-AUG-96,G,GU,US,Y,01-JUL-97,,004,"",No,,,,(UTC+10),,,No,No,7D,1+10D,NA,1+10D,NA,NA,NA,""
672,General Purpose Code,Yes,,Yes,No,,G,,CANADA,N,,,,"",No,,,,,,,No,No,,,,,,,,""
673,General Purpose Code,Yes,,Yes,No,,G,,,N,,,,"",No,,,,,,,No,No,,,,,,,,""
674,General Purpose Code,Yes,,No,No,,G,,,N,,,,"",No,,,,,,,No,No,,,,,,,,""
675,General Purpose Code,Yes,,No,No,,G,,,N,,,,"",No,,,,,,,No,No,,,,,,,,""
676,General Purpose Code,Yes,,Yes,No,,G,,,N,,,,"",No,,,,,,,No,No,,,,,,,,""
677,Easily Recognizable Code,Yes,,Yes,No,,N,,,N,,,,"",,,,,,,,,No,,,,,,,,""
678,General Purpose Code,Yes,,No,Yes,21-NOV-97,G,GA,US,Y,06-JAN-98,,223 102,"",Yes,404/470/678/770,770,,E,,,No,No,10D,1+10D,10D,1+10D,1+10D,NA,1+10D,""
679,General Purpose Code,Yes,,No,Yes,02-SEP-99,G,MI,US,N,,Active,227 209,"",Yes,313/679,313,,E,,,No,Yes,10D,1+10D,10D,1+10D,10D,NA,NA,""
680,General Purpose Code,Yes,,No,Yes,17-JUL-15,G,NY,US,Y,11-MAR-17,,485,"",Yes,315/680,315,,E,,485,No,No,10D,10D,1+10D,1+10D,1+10D,1+10D,NA,""
681,General Purpose Code,Yes,,No,Yes,30-JAN-08,G,WV,US,Y,28-MAR-09,,375,"",Yes,304/681,304,,E,,375,No,No,10D,1+10D,10D,1+10D,1+10D,NA,1+10D,""
682,General Purpose Code,Yes,,No,Yes,22-JAN-00,G,TX,US,Y,07-OCT-00,,219,"",Yes,682/817,817,,C,,219,No,No,10D,1+10D,10D,1+10D,NA,NA,NA,""
683,General Purpose Code,Yes,,Yes,No,,G,,CANADA,N,,,,"",No,,,,,,,No,No,,,,,,,,""
684,General Purpose Code,Yes,,No,Yes,24-JAN-03,G,AS,US,Y,02-OCT-04,,330,"",No,,,,,,330,No,No,7D,NA,NA,1+10D,NA,NA,NA,"Effective with completion of transition to NANP"
685,General Purpose Code,Yes,,Yes,No,,G,,,N,,,,"",No,,,,,,,No,No,,,,,,,,""
686,General Purpose Code,Yes,,Yes,No,,G,,,N,,,,"",No,,,,,,,No,No,,,,,,,,""
687,General Purpose Code,Yes,,Yes,No,,G,,,N,,,,"",No,,,,,,,No,No,,,,,,,,""
688,Easily Recognizable Code,Yes,,Yes,No,,N,,,N,,,,"",,,,,,,,,No,,,,,,,,""
689,General Purpose Code,Yes,,No,Yes,26-MAR-02,G,FL,US,N,,Suspended,325 323,"",Yes,407/689,407,,E,,323,No,Yes,10D,1+10D,10D,1+10D,NA,NA,NA,"Dial ECS calls as 1+10D"
690,General Purpose Code,No,Expansion Code,No,No,,,,,N,,,,"",No,,,,,,,No,No,,,,,,,,""
691,General Purpose Code,No,Expansion Code,No,No,,,,,N,,,,"",No,,,,,,,No,No,,,,,,,,""
692,General Purpose Code,No,Expansion Code,No,No,,,,,N,,,,"",No,,,,,,,No,No,,,,,,,,""
693,General Purpose Code,No,Expansion Code,No,No,,,,,N,,,,"",No,,,,,,,No,No,,,,,,,,""
694,General Purpose Code,No,Expansion Code,No,No,,,,,N,,,,"",No,,,,,,,No,No,,,,,,,,""
695,General Purpose Code,No,Expansion Code,No,No,,,,,N,,,,"",No,,,,,,,No,No,,,,,,,,""
696,General Purpose Code,No,Expansion Code,No,No,,,,,N,,,,"",No,,,,,,,No,No,,,,,,,,""
697,General Purpose Code,No,Expansion Code,No,No,,,,,N,,,,"",No,,,,,,,No,No,,,,,,,,""
698,General Purpose Code,No,Expansion Code,No,No,,,,,N,,,,"",No,,,,,,,No,No,,,,,,,,""
699,Easily Recognizable Code,No,Expansion Code,No,No,,N,,,N,,,,"",,,,,,,,,No,,,,,,,,""
700,Easily Recognizable Code,Yes,,No,Yes,01-JAN-84,N,NANP AREA,,Y,01-JAN-84,,SR83/10-076,"Interexchange Carrier Services",No,,,Interexchange Carrier Services,E,,,No,No,NA,NA,NA,NA,NA,NA,NA,""
701,General Purpose Code,Yes,,No,Yes,01-JAN-47,G,ND,US,Y,01-JAN-47,,,"",No,,,,CM,,,No,No,7D,1+10D,7D,1+10D,NA,NA,NA,""
702,General Purpose Code,Yes,,No,Yes,01-JAN-47,G,NV,US,Y,01-JAN-47,,445,"",Yes,702/725,,,P,,,No,No,10D,1+10D,1+10D,1+10D,NA,NA,NA,""
703,General Purpose Code,Yes,,No,Yes,01-JAN-47,G,VA,US,Y,01-JAN-47,,177,"",Yes,571/703,,,E,,177,No,No,10D,1+10D,10D,1+10D,NA,NA,NA,""
704,General Purpose Code,Yes,,No,Yes,01-JAN-47,G,NC,US,Y,01-JAN-47,,256 229 204 179,"",Yes,704/980,,,E,,229,No,No,10D,1+10D,10D,1+10D,NA,NA,NA,""
705,General Purpose Code,Yes,,No,Yes,01-JAN-57,G,ONTARIO,CANADA,Y,01-JAN-57,,414 398R1 398,"",Yes,249/705,,,E,,398,No,No,7D,1+10D,10D,1+10D,NA,NA,NA,""
706,General Purpose Code,Yes,,No,Yes,03-MAY-92,G,GA,US,Y,03-MAY-92,,356 353 352 351 348 346 288,"",Yes,706/762,404,,E,,346,No,No,10D,1+10D,10D,1+10D,NA,NA,NA,""
707,General Purpose Code,Yes,,No,Yes,01-JAN-59,G,CA,US,Y,01-JAN-59,,421 238 210 159,"",No,,415,,P,,,No,No,7D,7D,1+10D,1+10D,1+10D,1+10D,NA,""
708,General Purpose Code,Yes,,No,Yes,04-APR-88,G,IL,US,Y,11-NOV-89,,195 IL89/04-028,"",Yes,464/708,312,,C,,,No,No,7D,1+10D,1+10D,1+10D,NA,NA,NA,""
709,General Purpose Code,Yes,,No,Yes,01-JAN-62,G,NEWFOUNDLAND AND LABRADOR,CANADA,Y,01-JAN-62,Active,503,"",Yes,709/879,,,NA,,503,No,Yes,7D,1+10D,NA,1+10D,NA,NA,NA,""
710,General Purpose Code,Yes,,No,Yes,01-JAN-84,N,,US,Y,01-JAN-84,,465 172 IL-94/01-002,"US Government",No,,,US Government,E,,,No,No,NA,NA,NA,NA,NA,NA,NA,""
711,Easily Recognizable Code,No,N11 Code,No,No,,,,,N,,,,"",,,,,,,,,No,,,,,,,,""
712,General Purpose Code,Yes,,No,Yes,01-JAN-47,G,IA,US,Y,01-JAN-47,,,"",No,,,,C,,,No,No,7D,1+10D,10D,1+10D,NA,NA,NA,""
713,General Purpose Code,Yes,,No,Yes,01-JAN-47,G,TX,US,Y,01-JAN-47,,,"",Yes,281/346/713/832,,,C,,,No,No,10D,1+10D,10D,1+10D,NA,NA,NA,""
714,General Purpose Code,Yes,,No,Yes,01-JAN-51,G,CA,US,Y,01-JAN-51,,368 206 169 137,"",Yes,657/714,213,,P,,,No,No,1+10D,1+10D,1+10D,1+10D,NA,NA,NA,""
715,General Purpose Code,Yes,,No,Yes,01-JAN-47,G,WI,US,Y,01-JAN-47,,384,"",Yes,534/715,,,C,,,No,No,10D,1+10D,10D,1+10D,1+10D,NA,1+10D,""
716,General Purpose Code,Yes,,No,Yes,01-JAN-47,G,NY,US,Y,01-JAN-47,Active,162,"",No,,,,E,,,No,Yes,7D,7D,1+10D,1+10D,NA,NA,NA,""
717,General Purpose Code,Yes,,No,Yes,01-JAN-47,G,PA,US,Y,01-JAN-47,,501 500,"",Yes,717/223,,,E,,501,No,No,10D,10D,1+10D,1+10D,1+10D,1+10D,NA,"All calls within and between the 717 and 223 NPAs can be dialed as 10D or 1+10D.  Calls to other NPAs must be dialed as 1+10D."
718,General Purpose Code,Yes,,No,Yes,06-APR-84,G,NY,US,Y,01-SEP-84,,402 314,"",Yes,347/718/917/929,212,,E,,,No,No,1+10D,1+10D,1+10D,1+10D,10D,NA,NA,""
719,General Purpose Code,Yes,,No,Yes,27-MAR-87,G,CO,US,Y,05-MAR-88,,IL87/03-045,"",No,,303,,M,,,No,No,7D,1+10D,10D,1+10D,NA,NA,NA,""
720,General Purpose Code,Yes,,No,Yes,03-MAR-98,G,CO,US,Y,01-JUN-98,,117,"",Yes,303/720,303,,M,,,No,No,10D,1+10D,10D,1+10D,1+10D,NA,1+10D,""
721,General Purpose Code,Yes,,No,Yes,30-SEP-09,G,SINT MAARTEN,SINT MAARTEN,Y,30-SEP-11,,434 429 423 418 404 396,"",No,,,,A,,396,No,No,7D,NA,NA,1+10D,NA,NA,NA,""
722,Easily Recognizable Code,Yes,,No,No,,N,,,N,,,,"",,,,,,,,,No,,,,,,,,""
723,General Purpose Code,Yes,,No,No,,G,,,N,,,,"",No,,,,,,,No,No,,,,,,,,""
724,General Purpose Code,Yes,,No,Yes,23-SEP-97,G,PA,US,Y,01-FEB-98,,281 091,"",Yes,724/878,412,,E,,,No,No,10D,10D,(see note),(see note),1+10D,NA,1+10D,"All calls within and between NPAs 412 and 724 and 878 can be dialed as 10D or 1+10D.  Calls to other NPAs must be dialed as 1+10D."
725,General Purpose Code,Yes,,No,Yes,15-NOV-12,G,NV,US,Y,03-JUN-14,,445,"",Yes,702/725,702,,P,,,No,No,10D,1+10D,10D,1+10D,NA,NA,NA,""
726,General Purpose Code,Yes,,No,Yes,20-JUL-16,G,TX,US,Y,23-OCT-17,,495,"",Yes,210/726,210,,C,,495,No,No,10D,1+10D,10D,1+10D,NA,NA,NA,""
727,General Purpose Code,Yes,,No,Yes,06-JAN-98,G,FL,US,Y,01-JUL-98,,133 121 109,"",No,,813,,E,,,No,No,7D,1+10D,10D,1+10D,NA,NA,NA,""
728,General Purpose Code,Yes,,Yes,No,,G,,,N,,,,"",No,,,,,,,No,No,,,,,,,,""
729,General Purpose Code,Yes,,Yes,No,,G,,,N,,,,"",No,,,,,,,No,No,,,,,,,,""
730,General Purpose Code,Yes,,No,Yes,21-APR-05,G,IL,US,N,,Active,,"",Yes,618/730,618,,C,,,No,Yes,10D,NA,NA,NA,,,,""
731,General Purpose Code,Yes,,No,Yes,17-AUG-00,G,TN,US,Y,12-FEB-01,,247,"",No,,901,,C,,247,No,No,7D,1+10D,10D,1+10D,NA,NA,NA,"Note that some local calls may require dialing 10D or 1+10D depending on area and service provider."
732,General Purpose Code,Yes,,No,Yes,23-JAN-97,G,NJ,US,Y,01-JUN-97,,277 150 037,"",Yes,732/848,908,,E,,277,No,No,10D,10D,1+10D,1+10D,1+10D,NA,1+10D,"Calls between the 732 and 848 NPAs may be dialed as 10D."
733,Easily Recognizable Code,Yes,,No,No,,N,,,N,,,,"",,,,,,,,,No,,,,,,,,""
734,General Purpose Code,Yes,,No,Yes,30-MAY-97,G,MI,US,Y,13-DEC-97,,066,"",Yes,679/734,313,,E,,,No,No,7D,1+10D,10D,1+10D,10D,NA,NA,""
735,General Purpose Code,Yes,,Yes,No,,G,,,N,,,,"",No,,,,,,,No,No,,,,,,,,""
736,General Purpose Code,Yes,,No,No,,G,,,N,,,,"",No,,,,,,,No,No,,,,,,,,""
737,General Purpose Code,Yes,,No,Yes,25-APR-00,G,TX,US,Y,01-JUL-13,Active,438 276 233,"",Yes,512/737,512,,C,,,No,Yes,10D,1+10D,10D,1+10D,NA,NA,NA,""
738,General Purpose Code,Yes,,Yes,No,,G,,,N,,,,"",No,,,,,,,No,No,,,,,,,,""
739,General Purpose Code,Yes,,Yes,No,,G,,,N,,,,"",No,,,,,,,No,No,,,,,,,,""
740,General Purpose Code,Yes,,No,Yes,11-SEP-98,G,OH,US,Y,06-DEC-97,,471 462 101,"",Yes,740/220,614,,E,,471,No,No,10D,1+10D,10D,1+10D,1+10D,NA,1+10D,"Carriers must provide permissive 1+10D dialing for Foreign NPA Local Calls in areas where they provide optional EAS"
741,General Purpose Code,Yes,,Yes,No,,G,,,N,,,,"",No,,,,,,,No,No,,,,,,,,""
742,General Purpose Code,Yes,,Yes,No,,G,,CANADA,N,,,,"",No,,,,,,,No,No,,,,,,,,""
743,General Purpose Code,Yes,,No,Yes,13-AUG-14,G,NC,US,Y,23-MAY-16,,475 469,"",Yes,336/743,336,,E,,475 469,No,No,10D,1+10D,10D,1+10D,NA,NA,NA,""
744,Easily Recognizable Code,Yes,,No,No,,N,,,N,,,,"",,,,,,,,,No,,,,,,,,""
745,General Purpose Code,Yes,,Yes,No,,G,,,N,,,,"",No,,,,,,,No,No,,,,,,,,""
746,General Purpose Code,Yes,,Yes,No,,G,,,N,,,,"",No,,,,,,,No,No,,,,,,,,""
747,General Purpose Code,Yes,,No,Yes,26-OCT-99,G,CA,US,Y,18-MAY-09,,378,"",Yes,747/818,818,,P,,378,No,No,1+10D,1+10D,1+10D,1+10D,NA,NA,NA,""
748,General Purpose Code,Yes,,Yes,No,,G,,,N,,,,"",No,,,,,,,No,No,,,,,,,,""
749,General Purpose Code,Yes,,Yes,No,,G,,,N,,,,"",No,,,,,,,No,No,,,,,,,,""
750,General Purpose Code,Yes,,Yes,No,,G,,,N,,,,"",No,,,,,,,No,No,,,,,,,,""
751,General Purpose Code,Yes,,No,No,,G,,,N,,,,"",No,,,,,,,No,No,,,,,,,,""
752,General Purpose Code,Yes,,Yes,No,,G,,,N,,,,"",No,,,,,,,No,No,,,,,,,,""
753,General Purpose Code,Yes,,Yes,No,,G,,CANADA,N,,,,"",No,,,,,,,No,No,,,,,,,,""
754,General Purpose Code,Yes,,No,Yes,20-NOV-00,G,FL,US,Y,01-AUG-01,,321 318 291,"",Yes,754/954,954,,E,,,No,No,10D,1+10D,10D,1+10D,NA,NA,NA,""
755,Easily Recognizable Code,Yes,,No,No,,N,,,N,,,,"",,,,,,,,,No,,,,,,,,""
756,General Purpose Code,Yes,,Yes,No,,G,,,N,,,,"",No,,,,,,,No,No,,,,,,,,""
757,General Purpose Code,Yes,,No,Yes,29-FEB-96,G,VA,US,Y,01-JUL-96,,IL96/02-013,"",No,,804,,E,,,No,No,7D,1+10D,10D,1+10D,NA,NA,NA,""
758,General Purpose Code,Yes,,No,Yes,,G,ST. LUCIA,ST. LUCIA,Y,01-JUL-96,,IL96/04-014 IL96/05-004,"",No,,809,,A,,,No,No,7D,1+10D,NA,1+10D,NA,NA,NA,""
759,General Purpose Code,Yes,,No,No,,G,,,N,,,,"",No,,,,,,,No,No,,,,,,,,""
760,General Purpose Code,Yes,,No,Yes,22-APR-96,G,CA,US,Y,22-MAR-97,,381 377 238 194 160 IL96/04-009,"",Yes,442/760,619,,P,,,No,No,1+10D,1+10D,1+10D,1+10D,NA,NA,NA,""
761,General Purpose Code,Yes,,Yes,No,,G,,,N,,,,"",No,,,,,,,No,No,,,,,,,,""
762,General Purpose Code,Yes,,No,Yes,24-JUN-05,G,GA,US,Y,16-MAY-06,,356 353 352 351 348 346,"",Yes,706/762,706,,E,,,No,No,10D,1+10D,10D,1+10D,NA,NA,NA,""
763,General Purpose Code,Yes,,No,Yes,22-JUL-99,G,MN,US,Y,27-FEB-00,,200,"",No,,612,,C,,,No,No,7D,1+10D,10D,1+10D,1+10D,NA,1+10D,""
764,General Purpose Code,Yes,,Yes,No,,G,,US,N,,,,"",No,,,,,,,No,No,TBD,TBD,TBD,TBD,TBD,TBD,TBD,""
765,General Purpose Code,Yes,,No,Yes,03-SEP-96,G,IN,US,Y,01-FEB-97,Active,009,"",No,,317,,E,,,No,Yes,7D,1+10D,10D,1+10D,NA,NA,NA,""
766,Easily Recognizable Code,Yes,,No,No,,N,,,N,,,,"",,,,,,,,,No,,,,,,,,""
767,General Purpose Code,Yes,,No,Yes,,G,DOMINICA,DOMINICA,Y,01-OCT-97,,003,"",No,,809,,A,,,No,No,7D,1+10D,NA,1+10D,NA,NA,NA,""
768,General Purpose Code,Yes,,Yes,No,,G,,,N,,,,"",No,,,,,,,No,No,,,,,,,,""
769,General Purpose Code,Yes,,No,Yes,05-MAR-04,G,MS,US,Y,14-MAR-05,,335,"",Yes,601/769,601,,C,,,No,No,10D,1+10D,10D,1+10D,NA,NA,NA,""
770,General Purpose Code,Yes,,No,Yes,22-JUN-95,G,GA,US,Y,01-AUG-95,,IL95/06-008,"",Yes,470/678/770,404,,E,,,No,No,10D,1+10D,10D,1+10D,1+10D,NA,1+10D,""
771,General Purpose Code,Yes,,No,No,,G,,,N,,,,"",No,,,,,,,No,No,,,,,,,,""
772,General Purpose Code,Yes,,No,Yes,25-AUG-01,G,FL,US,Y,11-FEB-02,,311,"",No,,561,,E,,311,No,No,7D,1+10D,10D,1+10D,NA,NA,NA,"All ECS calls directed to a presubscribed carrier will be dialed as 1+10D (PL 311)"
773,General Purpose Code,Yes,,No,Yes,29-FEB-96,G,IL,US,Y,12-OCT-96,Active,392 390 195 IL96/02-014 IL96/06-003,"",Yes,773/872,312,,C,,,No,Yes,1+10D,1+10D,1+10D,1+10D,NA,NA,NA,""
774,General Purpose Code,Yes,,No,Yes,03-MAY-00,G,MA,US,Y,02-MAY-01,,234,"",Yes,508/774,508,,E,,234,No,No,10D,1+10D,10D,1+10D,1+10D,1+10D,NA,""
775,General Purpose Code,Yes,,No,Yes,25-MAR-98,G,NV,US,Y,12-DEC-98,,118,"",No,,702,,P,,,No,No,7D,1+10D,1+10D,1+10D,1+10D,NA,NA,""
776,General Purpose Code,Yes,,Yes,No,,G,,,N,,,,"",No,,,,,,,No,No,,,,,,,,""
777,Easily Recognizable Code,Yes,,No,No,,N,,,N,,,,"",,,,,,,,,No,,,,,,,,""
778,General Purpose Code,Yes,,No,Yes,17-AUG-00,G,BRITISH COLUMBIA,CANADA,Y,03-NOV-01,,450 428 361 246,"",Yes,236/604/778 236/250/778,604,,P,,361,No,No,10D,1+10D,10D,1+10D,NA,NA,NA,""
779,General Purpose Code,Yes,,No,Yes,06-FEB-04,G,IL,US,Y,17-MAR-07,,354,"",Yes,779/815,815,,C,,,No,No,1+10D,1+10D,1+10D,1+10D,NA,NA,NA,""
780,General Purpose Code,Yes,,No,Yes,,G,ALBERTA,CANADA,Y,18-MAY-99,,374 364 176 148 084,"",Yes,403/587/780,403,,M,,,No,No,10D,1+10D,10D,1+10D,NA,NA,NA,""
781,General Purpose Code,Yes,,No,Yes,16-JUN-97,G,MA,US,Y,01-SEP-97,,234 122 104 095 069,"",Yes,339/781,617,,E,,234,No,No,10D,1+10D,10D,1+10D,1+10D,1+10D,NA,""
782,General Purpose Code,Yes,,No,Yes,04-OCT-12,G,NOVA SCOTIA - PRINCE EDWARD ISLAND,CANADA,Y,30-NOV-14,,460R1 454,"",Yes,782/902,902,,A,,460R1,No,No,10D,1+10D,NA,1+10D,NA,NA,NA,""
783,General Purpose Code,Yes,,No,No,,G,,,N,,,,"",No,,,,,,,No,No,,,,,,,,""
784,General Purpose Code,Yes,,No,Yes,,G,ST. VINCENT & GRENADINES,ST. VINCENT & GRENADINES,Y,01-JUN-98,,103,"",No,,809,,A,,,No,No,7D,1+10D,NA,1+10D,NA,NA,NA,""
785,General Purpose Code,Yes,,No,Yes,24-APR-97,G,KS,US,Y,20-JUL-97,,053,"",No,,913,,CM,,,No,No,7D,1+10D,10D,1+10D,NA,NA,NA,""
786,General Purpose Code,Yes,,No,Yes,,G,FL,US,Y,01-MAR-98,,468  287 116,"",Yes,305/786,305,,E,,468,No,No,10D,1+10D,10D,1+10D,NA,NA,NA,""
787,General Purpose Code,Yes,,No,Yes,,G,PUERTO RICO,US,Y,01-MAR-96,,259 236 IL95/12-005,"",Yes,787/939,809,,A,,236,No,No,10D,1+10D,10D,1+10D,NA,NA,NA,""
788,Easily Recognizable Code,Yes,,No,No,,N,,,N,,,,"",,,,,,,,,No,,,,,,,,""
789,General Purpose Code,Yes,,Yes,No,,G,,,N,,,,"",No,,,,,,,No,No,,,,,,,,""
790,General Purpose Code,No,Expansion Code,No,No,,,,,N,,,,"",No,,,,,,,No,No,,,,,,,,""
791,General Purpose Code,No,Expansion Code,No,No,,,,,N,,,,"",No,,,,,,,No,No,,,,,,,,""
792,General Purpose Code,No,Expansion Code,No,No,,,,,N,,,,"",No,,,,,,,No,No,,,,,,,,""
793,General Purpose Code,No,Expansion Code,No,No,,,,,N,,,,"",No,,,,,,,No,No,,,,,,,,""
794,General Purpose Code,No,Expansion Code,No,No,,,,,N,,,,"",No,,,,,,,No,No,,,,,,,,""
795,General Purpose Code,No,Expansion Code,No,No,,,,,N,,,,"",No,,,,,,,No,No,,,,,,,,""
796,General Purpose Code,No,Expansion Code,No,No,,,,,N,,,,"",No,,,,,,,No,No,,,,,,,,""
797,General Purpose Code,No,Expansion Code,No,No,,,,,N,,,,"",No,,,,,,,No,No,,,,,,,,""
798,General Purpose Code,No,Expansion Code,No,No,,,,,N,,,,"",No,,,,,,,No,No,,,,,,,,""
799,Easily Recognizable Code,No,Expansion Code,No,No,,,,,N,,,,"",,,,,,,,,No,,,,,,,,""
800,Easily Recognizable Code,Yes,,No,Yes,01-JAN-66,N,NANP AREA,,Y,01-JAN-66,,,"Toll-free",No,800/888/877/866/855/844/833,,Toll-Free,E,,,No,No,NA,NA,NA,NA,NA,NA,NA,""
801,General Purpose Code,Yes,,No,Yes,01-JAN-47,G,UT,US,Y,01-JAN-47,,366 363 337 326 308 248 231,"",Yes,385/801,,,M,,231,No,No,10D,1+10D,10D,1+10D,NA,NA,NA,""
802,General Purpose Code,Yes,,No,Yes,01-JAN-47,G,VT,US,Y,01-JAN-47,,,"",No,,,,E,,,No,No,7D,1+10D,1+10D,1+10D,NA,NA,NA,""
803,General Purpose Code,Yes,,No,Yes,01-JAN-47,G,SC,US,Y,01-JAN-47,Active,,"",No,,,,E,,,No,Yes,7D,1+10D,10D,1+10D,NA,NA,NA,""
804,General Purpose Code,Yes,,No,Yes,24-JUN-73,G,VA,US,Y,24-JUN-73,Active,GL72/07-005,"",No,,,,E,,,No,Yes,7D,1+10D,10D,1+10D,NA,NA,NA,""
805,General Purpose Code,Yes,,No,Yes,01-JAN-57,G,CA,US,Y,01-JAN-57,Active,509,"",Yes,805/820,213,,P,,509,No,Yes,7D,7D,1+10D,1+10D,1+10D,1+10D,NA,""
806,General Purpose Code,Yes,,No,Yes,01-JAN-57,G,TX,US,Y,01-JAN-57,,,"",No,,,,C,,,No,No,7D,1+10D,10D,1+10D,NA,NA,NA,""
807,General Purpose Code,Yes,,No,Yes,01-JAN-62,G,ONTARIO,CANADA,Y,01-JAN-62,,,"",No,,,,EC,,,No,No,7D,1+10D,NA,1+10D,NA,NA,NA,""
808,General Purpose Code,Yes,,No,Yes,01-JAN-57,G,HI,US,Y,01-JAN-57,,220,"",No,,,,(UTC-10),,,No,No,7D,1+10D,NA,1+10D,NA,NA,NA,""
809,General Purpose Code,Yes,,No,Yes,01-JAN-58,G,DOMINICAN REPUBLIC,DOMINICAN REPUBLIC,Y,01-JAN-58,Active,387R1 345 338,"",Yes,809/829/849,,,E,,,No,Yes,10D,1+10D,10D,1+10D,NA,NA,NA,""
810,General Purpose Code,Yes,,No,Yes,,G,MI,US,Y,01-DEC-93,,282 221 192 178,"",No,,313,,E,,,No,No,7D,1+10D,10D,1+10D,10D,NA,NA,""
811,Easily Recognizable Code,No,N11 Code,No,No,,,,,N,,,,"",,,,,,,,,No,,,,,,,,""
812,General Purpose Code,Yes,,No,Yes,01-JAN-47,G,IN,US,Y,01-JAN-47,,470 457,"",Yes,812/930,,,EC,,470,No,No,10D,1+10D,10D,1+10D,NA,NA,NA,""
813,General Purpose Code,Yes,,No,Yes,01-JAN-53,G,FL,US,Y,01-JAN-53,,,"",No,,,,E,,,No,No,7D,1+10D,10D,1+10D,NA,NA,NA,""
814,General Purpose Code,Yes,,No,Yes,01-JAN-47,G,PA,US,Y,01-JAN-47,,,"",No,,,,E,,,No,No,7D,7D,1+10D,1+10D,NA,NA,NA,""
815,General Purpose Code,Yes,,No,Yes,01-JAN-47,G,IL,US,Y,01-JAN-47,,354,"",Yes,815/779,,,C,,,No,No,1+10D,1+10D,1+10D,1+10D,NA,NA,NA,""
816,General Purpose Code,Yes,,No,Yes,01-JAN-47,G,MO,US,Y,01-JAN-47,Suspended,304 280 262,"",Yes,816/975,,,C,,,No,Yes,7D,1+10D,10D,1+10D,NA,NA,NA,""
817,General Purpose Code,Yes,,No,Yes,01-JAN-53,G,TX,US,Y,01-JAN-53,,219 186,"",Yes,682/817,,,C,,,No,No,10D,1+10D,10D,1+10D,NA,NA,NA,""
818,General Purpose Code,Yes,,No,Yes,07-JAN-84,G,CA,US,Y,07-JAN-84,,378 130,"",Yes,747/818,213,,P,,378,No,No,1+10D,1+10D,1+10D,1+10D,NA,NA,NA,""
819,General Purpose Code,Yes,,No,Yes,01-JAN-57,G,QUEBEC,CANADA,Y,01-JAN-57,Active,425 405 355,"",Yes,819/873,,,E,,405,No,Yes,10D,1+10D,1+10D,1+10D,NA,NA,NA,""
820,General Purpose Code,Yes,,No,Yes,25-MAY-17,G,CA,US,N,20-JUN-18,Active,509,"",Yes,805/820,805,,P,,509,No,Yes,1+10D,1+10D,1+10D,1+10D,NA,NA,NA,""
821,General Purpose Code,Yes,,Yes,No,,G,,,N,,,,"",No,,,,,,,No,No,,,,,,,,""
822,Easily Recognizable Code,Yes,,No,Yes,23-FEB-00,N,,,N,,,214,"Toll-Free",No,,,Toll-Free,E,,,No,No,NA,NA,NA,NA,NA,NA,NA,""
823,General Purpose Code,Yes,,Yes,No,,G,,,N,,,,"",No,,,,,,,No,No,,,,,,,,""
824,General Purpose Code,Yes,,Yes,No,,G,,,N,,,,"",No,,,,,,,No,No,,,,,,,,""
825,General Purpose Code,Yes,,No,Yes,31-OCT-13,G,ALBERTA,CANADA,Y,09-APR-16,,480  473,"",Yes,403/587/780/825,780,,M,,473,No,No,10D,1+10D,10D,1+10D,NA,NA,NA,""
826,General Purpose Code,Yes,,Yes,No,,G,,,N,,,,"",No,,,,,,,No,No,,,,,,,,""
827,General Purpose Code,Yes,,No,No,,G,,,N,,,,"",No,,,,,,,No,No,,,,,,,,""
828,General Purpose Code,Yes,,No,Yes,,G,NC,US,Y,22-MAR-98,,114 105,"",No,,704,,E,,,No,No,7D,1+10D,10D,1+10D,NA,NA,NA,""
829,General Purpose Code,Yes,,No,Yes,02-AUG-04,G,DOMINICAN REPUBLIC,DOMINICAN REPUBLIC,Y,01-AUG-05,Active,387R1 345 338,"",Yes,809/829/849,809,,E,,,No,Yes,10D,1+10D,10D,1+10D,NA,NA,NA,""
830,General Purpose Code,Yes,,No,Yes,22-JAN-97,G,TX,US,Y,07-JUL-97,,035,"",No,,210,,C,,,No,No,7D,1+10D,10D,1+10D,NA,NA,NA,""
831,General Purpose Code,Yes,,No,Yes,22-MAY-97,G,CA,US,Y,11-JUL-98,,80 63,"",No,,408,,P,,,No,No,7D,7D,1+10D,1+10D,1+10D,1+10D,NA,""
832,General Purpose Code,Yes,,No,Yes,15-OCT-98,G,TX,US,Y,16-JAN-99,,143,"",Yes,281/346/713/832,713,,C,,,No,No,10D,1+10D,10D,1+10D,NA,NA,NA,""
833,Easily Recognizable Code,Yes,,No,Yes,23-FEB-00,N,NANP AREA,,Y,03-JUN-17,,506  481  214,"Toll-Free",No,800/888/877/866/855/844/833,800,Toll-Free,E,,,No,No,NA,NA,NA,NA,NA,NA,NA,""
834,General Purpose Code,Yes,,No,No,,G,,,N,,,,"",No,,,,,,,No,No,,,,,,,,""
835,General Purpose Code,Yes,,Yes,No,,G,,US,N,,,344 274 267 237,"",No,,,,,,,No,No,,,,,,,,""
836,General Purpose Code,Yes,,No,No,,G,,,N,,,,"",No,,,,,,,No,No,,,,,,,,""
837,General Purpose Code,Yes,,Yes,No,,G,,,N,,,,"",No,,,,,,,No,No,,,,,,,,""
838,General Purpose Code,Yes,,No,Yes,16-SEP-16,G,NY,US,Y,19-SEP-17,,497,"",Yes,518/838,518,,E,,497,No,No,10D,10D,1+10D,1+10D,1+10D,1+10D,NA,""
839,General Purpose Code,Yes,,Yes,No,,G,,,N,,,,"",No,,,,,,,No,No,,,,,,,,""
840,General Purpose Code,Yes,,Yes,No,,G,,,N,,,,"",No,,,,,,,No,No,,,,,,,,""
841,General Purpose Code,Yes,,Yes,No,,G,,,N,,,,"",No,,,,,,,No,No,,,,,,,,""
842,General Purpose Code,Yes,,No,No,,G,,,N,,,,"",No,,,,,,,No,No,,,,,,,,""
843,General Purpose Code,Yes,,No,Yes,05-SEP-97,G,SC,US,Y,22-MAR-98,,474 463 086,"",Yes,843/854,803,,E,,474,No,No,10D,1+10D,10D,1+10D,1+10D,NA,1+10D,""
844,Easily Recognizable Code,Yes,,No,Yes,23-FEB-00,N,NANP AREA,,Y,07-DEC-13,,455 452 443 214,"Toll-free",No,800/888/877/866/855/844/833,800,Toll-Free,E,,,No,No,NA,NA,NA,NA,NA,NA,NA,""
845,General Purpose Code,Yes,,No,Yes,03-DEC-99,G,NY,US,Y,05-JUN-00,,211,"",No,,914,,E,,,No,No,7D,7D,1+10D,1+10D,NA,NA,NA,""
846,General Purpose Code,Yes,,No,No,,G,,,N,,,,"",No,,,,,,,No,No,,,,,,,,""
847,General Purpose Code,Yes,,No,Yes,27-JUL-95,G,IL,US,Y,20-JAN-96,,305 IL95/07-015,"",Yes,224/847,708,,C,,305,No,No,1+10D,1+10D,1+10D,1+10D,NA,NA,NA,""
848,General Purpose Code,Yes,,No,Yes,02-APR-01,G,NJ,US,Y,29-DEC-01,,277,"",Yes,732/848,732,,E,,277,No,No,10D,10D,1+10D,1+10D,1+10D,NA,1+10D,"Calls between the 732 and 848 NPAs may be dialed as 10D."
849,General Purpose Code,Yes,,No,Yes,01-APR-09,G,DOMINICAN REPUBLIC,DOMINICAN REPUBLIC,Y,01-JUL-09,Active,387R1,"",Yes,809/829/849,809,,E,,,No,Yes,10D,1+10D,10D,1+10D,NA,NA,NA,""
850,General Purpose Code,Yes,,No,Yes,,G,FL,US,Y,23-JUN-97,,059,"",No,,904,,EC,,,No,No,7D,1+10D,10D,1+10D,NA,NA,NA,""
851,General Purpose Code,Yes,,Yes,No,,G,,CANADA,N,,,,"",No,,,,,,,No,No,,,,,,,,""
852,General Purpose Code,Yes,,Yes,No,,G,,,N,,,,"",No,,,,,,,No,No,,,,,,,,""
853,General Purpose Code,Yes,,No,No,,G,,,N,,,,"",No,,,,,,,No,No,,,,,,,,""
854,General Purpose Code,Yes,,No,Yes,16-DEC-13,G,SC,US,Y,19-OCT-15,,474 463,"",Yes,843/854,843,,E,,463,No,No,10D,1+10D,10D,1+10D,1+10D,NA,1+10D,""
855,Easily Recognizable Code,Yes,,No,Yes,07-NOV-99,N,NANP AREA,,Y,09-OCT-10,,412 407R1 197,"Toll-free",No,800/888/877/866/855/844/833,800,Toll-Free,E,,,No,No,NA,NA,NA,NA,NA,NA,NA,""
856,General Purpose Code,Yes,,No,Yes,05-MAY-99,G,NJ,US,Y,12-JUN-99,,173,"",No,,609,,E,,,No,No,7D,7D,1+10D,1+10D,1+10D,1+10D,1+10D,""
857,General Purpose Code,Yes,,No,Yes,03-MAY-00,G,MA,US,Y,02-MAY-01,,234,"",Yes,617/857,617,,E,,234,No,No,10D,1+10D,10D,1+10D,1+10D,1+10D,NA,""
858,General Purpose Code,Yes,,No,Yes,30-JUN-98,G,CA,US,Y,12-JUN-99,,507 128,"",No,,619,,P,,507,No,No,7D,7D,1+10D,1+10D,1+10D,1+10D,NA,""
859,General Purpose Code,Yes,,No,Yes,09-AUG-99,G,KY,US,Y,01-APR-00,,205,"",No,,606,,E,,,No,No,7D,1+10D,10D,1+10D,NA,NA,NA,"Some cross-boundary 7D local dialing exists"
860,General Purpose Code,Yes,,No,Yes,06-APR-95,G,CT,US,Y,28-AUG-95,,456 388 255 217 138 IL95/04-002,"",Yes,860/959,203,,E,,217,No,No,10D,1+10D,10D,1+10D,1+10D,NA,1+10D,""
861,General Purpose Code,Yes,,Yes,No,,G,,,N,,,,"",No,,,,,,,No,No,,,,,,,,""
862,General Purpose Code,Yes,,No,Yes,02-APR-01,G,NJ,US,Y,29-DEC-01,,277,"",Yes,862/973,973,,E,,277,No,No,10D,10D,1+10D,1+10D,1+10D,1+10D,NA,"Calls between the 973 and 862 NPAs can be dialed as 10D."
863,General Purpose Code,Yes,,No,Yes,26-MAY-99,G,FL,US,Y,20-SEP-99,,180,"",No,,941,,E,,,No,No,7D,1+10D,10D,1+10D,NA,NA,NA,""
864,General Purpose Code,Yes,,No,Yes,,G,SC,US,Y,03-DEC-95,,IL95/03-006,"",No,,803,,E,,,No,No,7D,1+10D,10D,1+10D,NA,NA,NA,""
865,General Purpose Code,Yes,,No,Yes,15-APR-99,G,TN,US,Y,01-NOV-99,,183,"",No,,423,,E,,,No,No,7D,1+10D,10D,1+10D,NA,NA,NA,""
866,Easily Recognizable Code,Yes,,No,Yes,07-NOV-99,N,NANP AREA,,Y,29-JUL-00,,197,"Toll-free",No,800/888/877/866/855/844/833,800,Toll-Free,E,,,No,No,NA,NA,NA,NA,NA,NA,NA,""
867,General Purpose Code,Yes,,No,Yes,,G,YUKON-NW TERR. - NUNAVUT,CANADA,Y,21-OCT-97,,013,"",No,,403,,CMP,,,No,No,7D,1+10D,NA,1+10D,NA,NA,NA,""
868,General Purpose Code,Yes,,No,Yes,,G,TRINIDAD & TOBAGO,TRINIDAD AND TOBAGO,Y,01-JUN-97,,IL96/06-001,"",No,,809,,A,,,No,No,7D,1+10D,NA,1+10D,NA,NA,NA,""
869,General Purpose Code,Yes,,No,Yes,,G,ST. KITTS & NEVIS,ST. KITTS AND NEVIS,Y,01-OCT-96,,011 001,"",No,,809,,A,,,No,No,7D,1+10D,NA,1+10D,NA,NA,NA,""
870,General Purpose Code,Yes,,No,Yes,22-JAN-97,G,AR,US,Y,14-APR-97,,437 400 033,"",Yes,327/870,501,,C,,400,No,No,7D,1+10D,10D,1+10D,NA,NA,NA,""
871,General Purpose Code,Yes,,Yes,No,,G,,CANADA,N,,,,"",No,,,,,,,No,No,,,,,,,,""
872,General Purpose Code,Yes,,No,Yes,23-JUL-99,G,IL,US,Y,07-NOV-09,,392 390 195,"",Yes,312/773/872,312,,C,,,No,No,1+10D,1+10D,1+10D,1+10D,NA,NA,NA,""
873,General Purpose Code,Yes,,No,Yes,25-FEB-10,G,QUEBEC,CANADA,Y,15-SEP-12,Active,425 405,"",Yes,819/873,819,,E,,405,No,Yes,10D,1+10D,1+10D,1+10D,NA,NA,NA,""
874,General Purpose Code,Yes,,No,No,,G,,,N,,,,"",No,,,,,,,No,No,,,,,,,,""
875,General Purpose Code,Yes,,Yes,No,,G,,,N,,,,"",No,,,,,,,No,No,,,,,,,,""
876,General Purpose Code,Yes,,No,Yes,,G,JAMAICA,JAMAICA,Y,01-MAY-97,Active,510  113 091 014,"",No,,809,,E,,510,No,Yes,7D,1+10D,NA,1+10D,NA,NA,NA,""
877,Easily Recognizable Code,Yes,,No,Yes,02-JUL-97,N,NANP AREA,,Y,04-APR-98,,074,"Toll-free",No,800/888/877/866/855/844/833,800,Toll-Free,E,,,No,No,NA,NA,NA,NA,NA,NA,NA,""
878,General Purpose Code,Yes,,No,Yes,15-DEC-99,G,PA,US,Y,17-AUG-01,,281 222,"",Yes,412/724/878,412,,E,,,No,No,10D,10D,(see note),(see note),1+10D,NA,1+10D,"All calls within and between NPAs 412 and 724 and 878 can be dialed as 10D or 1+10D.  Calls to other NPAs must be dialed as 1+10D."
879,General Purpose Code,Yes,,No,Yes,06-FEB-17,G,NEWFOUNDLAND AND LABRADOR,CANADA,N,24-NOV-18,Active,503,"",Yes,709/879,709,,NA,,503,No,Yes,10D,10D,10D,10D,NA,NA,NA,""
880,General Purpose Code,No,Set aside for toll free,No,No,,N,,,N,,,331,"",No,,,Toll-Free,,,,No,No,,,,,,,,""
881,General Purpose Code,No,Set aside for toll free,No,No,,N,,,N,,,331,"",No,,,Toll-Free,,,,No,No,,,,,,,,""
882,General Purpose Code,No,Set aside for toll free,No,No,,N,,,N,,,331,"",No,,,Toll-Free,,,,No,No,,,,,,,,""
883,General Purpose Code,No,Set aside for toll free,No,No,,N,,,N,,,,"",No,,,Toll-Free,,,,No,No,,,,,,,,""
884,General Purpose Code,No,Set aside for toll free,No,No,,N,,,N,,,,"",No,,,Toll-Free,,,,No,No,,,,,,,,""
885,General Purpose Code,No,Set aside for toll free,No,No,,N,,,N,,,,"",No,,,Toll-Free,,,,No,No,,,,,,,,""
886,General Purpose Code,No,Set aside for toll free,No,No,,N,,,N,,,,"",No,,,Toll-Free,,,,No,No,,,,,,,,""
887,General Purpose Code,No,Set aside for toll free,No,No,,N,,,N,,,,"",No,,,Toll-Free,,,,No,No,,,,,,,,""
888,Easily Recognizable Code,Yes,,No,Yes,25-MAY-95,N,NANP AREA,,Y,01-MAR-96,,IL95/05-010,"Toll-free",No,800/888/877/866/855/844/833,800,Toll-Free,E,,,No,No,NA,NA,NA,NA,NA,NA,NA,""
889,General Purpose Code,No,Set aside for toll free,No,No,,N,,,N,,,,"",No,,,Toll-Free,,,,No,No,,,,,,,,""
890,General Purpose Code,No,Expansion Code,No,No,,,,,N,,,,"",No,,,,,,,No,No,,,,,,,,""
891,General Purpose Code,No,Expansion Code,No,No,,,,,N,,,,"",No,,,,,,,No,No,,,,,,,,""
892,General Purpose Code,No,Expansion Code,No,No,,,,,N,,,,"",No,,,,,,,No,No,,,,,,,,""
893,General Purpose Code,No,Expansion Code,No,No,,,,,N,,,,"",No,,,,,,,No,No,,,,,,,,""
894,General Purpose Code,No,Expansion Code,No,No,,,,,N,,,,"",No,,,,,,,No,No,,,,,,,,""
895,General Purpose Code,No,Expansion Code,No,No,,,,,N,,,,"",No,,,,,,,No,No,,,,,,,,""
896,General Purpose Code,No,Expansion Code,No,No,,,,,N,,,,"",No,,,,,,,No,No,,,,,,,,""
897,General Purpose Code,No,Expansion Code,No,No,,,,,N,,,,"",No,,,,,,,No,No,,,,,,,,""
898,General Purpose Code,No,Expansion Code,No,No,,,,,N,,,,"",No,,,,,,,No,No,,,,,,,,""
899,Easily Recognizable Code,No,Expansion Code,No,No,,,,,N,,,,"",,,,,,,,,No,,,,,,,,""
900,Easily Recognizable Code,Yes,,No,Yes,01-JAN-71,N,NANP AREA,,Y,01-JAN-71,,,"Premium Services",No,,,Premium Services,E,,,No,No,NA,NA,NA,NA,NA,NA,NA,""
901,General Purpose Code,Yes,,No,Yes,01-JAN-47,G,TN,US,Y,01-JAN-47,,247 224,"",No,,,,C,,247,No,No,7D,1+10D,10D,1+10D,NA,NA,NA,""
902,General Purpose Code,Yes,,No,Yes,01-JAN-47,G,NOVA SCOTIA - PRINCE EDWARD ISLAND,CANADA,Y,01-JAN-47,,460R1 454,"",Yes,782/902,,,A,,,No,No,10D,1+10D,NA,1+10D,NA,NA,NA,""
903,General Purpose Code,Yes,,No,Yes,26-MAY-89,G,TX,US,Y,04-NOV-90,,313 IL89/05-038,"",Yes,430/903,214,,C,,,No,No,10D,1+10D,10D,1+10D,NA,NA,NA,""
904,General Purpose Code,Yes,,No,Yes,01-JAN-65,G,FL,US,Y,11-JUL-65,,252,"",No,,,,E,,252,No,No,7D,1+10D,10D,1+10D,NA,NA,NA,""
905,General Purpose Code,Yes,,No,Yes,,G,ONTARIO,CANADA,Y,04-OCT-93,,448 440R1 420 243,"",Yes,289/365/905,416,,E,,243,No,No,10D,1+10D,10D,1+10D,NA,NA,NA,"Ten digit local dialing mandatory 9 June 2001."
906,General Purpose Code,Yes,,No,Yes,01-JAN-61,G,MI,US,Y,19-MAR-61,,,"",No,,,,EC,,,No,No,7D,1+10D,10D,1+10D,10D,NA,NA,""
907,General Purpose Code,Yes,,No,Yes,01-JAN-57,G,AK,US,Y,01-JAN-57,,,"",No,,,,(UTC-9),,,No,No,7D,1+10D,1+10D,1+10D,NA,NA,NA,""
908,General Purpose Code,Yes,,No,Yes,,G,NJ,US,Y,01-NOV-90,,IL89/09-010,"",No,,201,,E,,,No,No,7D,7D,1+10D,1+10D,1+10D,1+10D,1+10D,""
909,General Purpose Code,Yes,,No,Yes,18-FEB-92,G,CA,US,Y,14-NOV-92,Active,334 215 206 189 115 IL92/02-022,"",No,,714,,P,,189,No,Yes,7D,7D,1+10D,1+10D,1+10D,1+10D,NA,""
910,General Purpose Code,Yes,,No,Yes,,G,NC,US,Y,14-NOV-93,,,"",No,,919,,E,,,No,No,7D,1+10D,10D,1+10D,NA,NA,NA,""
911,Easily Recognizable Code,No,N11 Code,No,No,,,,,N,,,,"",,,,,,,,,No,,,,,,,,""
912,General Purpose Code,Yes,,No,Yes,01-JAN-54,G,GA,US,Y,01-JAN-54,,288 202,"",No,,,,E,,,No,No,7D,1+10D,10D,1+10D,NA,NA,NA,""
913,General Purpose Code,Yes,,No,Yes,01-JAN-47,G,KS,US,Y,01-JAN-47,,,"",No,,,,C,,,No,No,7D,1+10D,10D,1+10D,NA,NA,NA,""
914,General Purpose Code,Yes,,No,Yes,01-JAN-47,G,NY,US,Y,01-JAN-47,,232 211 124,"",No,,,,E,,,No,No,7D,7D,1+10D,1+10D,NA,NA,NA,""
915,General Purpose Code,Yes,,No,Yes,01-JAN-47,G,TX,US,Y,01-JAN-47,,322,"",No,,,,CM,,322,No,No,7D,1+10D,10D,1+10D,NA,NA,NA,""
916,General Purpose Code,Yes,,No,Yes,01-JAN-47,G,CA,US,Y,01-JAN-47,Active,502,"",Yes,916/279,,,P,,502,No,Yes,7D,7D,1+10D,1+10D,1+10D,1+10D,NA,""
917,General Purpose Code,Yes,,No,Yes,01-JAN-92,G,NY,US,Y,01-JAN-92,Active,489 402 314,"",Yes,212/332/646/917,212,,E,,489,No,Yes,1+10D,1+10D,1+10D,1+10D,10D,NA,NA,""
918,General Purpose Code,Yes,,No,Yes,01-JAN-53,G,OK,US,Y,01-JAN-53,,403,"",Yes,539/918,,,C,,,No,No,10D,1+10D,10D,1+10D,NA,NA,NA,""
919,General Purpose Code,Yes,,No,Yes,01-JAN-54,G,NC,US,Y,01-JAN-54,,422 306 271,"",Yes,919/984,,,E,,271,No,No,10D,1+10D,10D,1+10D,1+10D,NA,1+10D,""
920,General Purpose Code,Yes,,No,Yes,15-JAN-97,G,WI,US,Y,26-JUL-97,,442 417 385 040,"",Yes,274/920,414,,C,,,No,No,7D,1+10D,1+10D,1+10D,NA,NA,NA,""
921,General Purpose Code,Yes,,Yes,No,,G,,,N,,,,"",No,,,,,,,No,No,,,,,,,,""
922,Easily Recognizable Code,Yes,,No,No,,N,,,N,,,,"",,,,,,,,,No,,,,,,,,""
923,General Purpose Code,Yes,,Yes,No,,G,,,N,,,,"",No,,,,,,,No,No,,,,,,,,""
924,General Purpose Code,Yes,,Yes,No,,G,,,N,,,,"",No,,,,,,,No,No,,,,,,,,""
925,General Purpose Code,Yes,,No,Yes,19-MAY-97,G,CA,US,Y,14-MAR-98,,080 061,"",No,,510,,P,,,No,No,7D,7D,1+10D,1+10D,1+10D,1+10D,NA,""
926,General Purpose Code,Yes,,Yes,No,,G,,,N,,,,"",No,,,,,,,No,No,,,,,,,,""
927,General Purpose Code,Yes,,Yes,No,,G,,,N,,,,"",No,,,,,,,No,No,,,,,,,,""
928,General Purpose Code,Yes,,No,Yes,13-FEB-01,G,AZ,US,Y,23-JUN-01,,268,"",No,,520,,M,,268,No,No,7D,1+10D,10D,1+10D,NA,NA,NA,""
929,General Purpose Code,Yes,,No,Yes,09-JAN-10,G,NY,US,Y,16-APR-11,,402,"",Yes,347/718/917/929,347,,E,,,No,No,1+10D,1+10D,1+10D,1+10D,10D,NA,NA,""
930,General Purpose Code,Yes,,No,Yes,31-JUL-13,G,IN,US,Y,07-MAR-15,,470 457,"",Yes,812/930,812,,E,,470,No,No,10D,1+10D,10D,1+10D,NA,NA,NA,""
931,General Purpose Code,Yes,,No,Yes,15-AUG-97,G,TN,US,Y,15-SEP-97,,081,"",No,,615,,EC,,,No,No,7D,1+10D,7D,1+10D,NA,NA,NA,""
932,General Purpose Code,Yes,,No,No,,G,,,N,,,,"",No,,,,,,,No,No,,,,,,,,""
933,Easily Recognizable Code,Yes,,No,No,,N,,,N,,,,"",,,,,,,,,No,,,,,,,,""
934,General Purpose Code,Yes,,No,Yes,17-DEC-14,G,NY,US,Y,16-JUL-16,,476R1,"",Yes,631/934,631,,E,,476R1,No,No,10D,10D,1+10D,1+10D,1+10D,1+10D,NA,""
935,General Purpose Code,Yes,,Yes,No,,G,,US,N,,,,"",No,,,,,,,No,No,TBD,TBD,TBD,TBD,TBD,TBD,TBD,""
936,General Purpose Code,Yes,,No,Yes,02-SEP-99,G,TX,US,Y,19-FEB-00,,201,"",No,,409,,C,,,No,No,7D,1+10D,10D,1+10D,NA,NA,NA,""
937,General Purpose Code,Yes,,No,Yes,28-JUN-96,G,OH,US,Y,28-SEP-96,,272 IL96/06-011,"",No,,513,,E,,272,No,No,7D,1+10D,10D,1+10D,NA,NA,NA,"Carriers must provide permissive 1+10D dialing for Foreign NPA Local Calls in areas where they provide optional EAS"
938,General Purpose Code,Yes,,No,Yes,04-MAR-09,G,AL,US,Y,10-JUL-10,Active,389,"",Yes,256/938,256,,C,,,No,Yes,10D,1+10D,10D,1+10D,1+10D,NA,1+10D,""
939,General Purpose Code,Yes,,No,Yes,31-MAY-00,G,PUERTO RICO,US,Y,15-SEP-01,,293 259 236,"",Yes,787/939,787,,A,,236,No,No,10D,1+10D,10D,1+10D,NA,NA,NA,""
940,General Purpose Code,Yes,,No,Yes,22-JAN-97,G,TX,US,Y,25-MAY-97,,064 034,"",No,,817,,C,,,No,No,7D,1+10D,10D,1+10D,NA,NA,NA,""
941,General Purpose Code,Yes,,No,Yes,,G,FL,US,Y,28-MAY-95,,307 IL94/09-013,"",No,,813,,E,,307,No,No,7D,1+10D,10D,1+10D,NA,NA,NA,""
942,General Purpose Code,Yes,,Yes,No,,G,,CANADA,N,,,,"",No,,,,,,,No,No,,,,,,,,""
943,General Purpose Code,Yes,,Yes,No,,G,,,N,,,,"",No,,,,,,,No,No,,,,,,,,""
944,Easily Recognizable Code,Yes,,No,No,,N,,,N,,,,"",,,,,,,,,No,,,,,,,,""
945,General Purpose Code,Yes,,Yes,No,,G,,,N,,,,"",No,,,,,,,No,No,,,,,,,,""
946,General Purpose Code,Yes,,Yes,No,,G,,,N,,,,"",No,,,,,,,No,No,,,,,,,,""
947,General Purpose Code,Yes,,No,Yes,02-SEP-99,G,MI,US,Y,07-SEP-02,,320 283 227 209,"",Yes,248/947,248,,E,,283,No,No,10D,1+10D,10D,1+10D,NA,NA,NA,""
948,General Purpose Code,Yes,,Yes,No,,G,,,N,,,,"",No,,,,,,,No,No,,,,,,,,""
949,General Purpose Code,Yes,,No,Yes,06-MAR-97,G,CA,US,Y,18-APR-98,,080 071 044,"",No,,714,,P,,,No,No,7D,7D,1+10D,1+10D,1+10D,1+10D,NA,""
950,General Purpose Code,No,Carrier Access,No,No,,,,,N,,,,"",No,,,,,,,No,No,,,,,,,,""
951,General Purpose Code,Yes,,No,Yes,01-APR-99,G,CA,US,Y,17-JUL-04,,334 215 206 189,"",No,,909,,P,,189,No,No,7D,7D,1+10D,1+10D,1+10D,NA,1+10D,""
952,General Purpose Code,Yes,,No,Yes,22-JUL-99,G,MN,US,Y,27-FEB-00,,200,"",No,,612,,C,,,No,No,7D,1+10D,10D,1+10D,1+10D,NA,1+10D,""
953,General Purpose Code,Yes,,Yes,No,,G,,,N,,,,"",No,,,,,,,No,No,,,,,,,,""
954,General Purpose Code,Yes,,No,Yes,,G,FL,US,Y,11-SEP-95,,321 318 291 170 IL95/08-011 IL95/11-006,"",Yes,954/754,305,,E,,,No,No,10D,1+10D,10D,1+10D,NA,NA,NA,""
955,Easily Recognizable Code,Yes,,No,No,,N,,,N,,,,"",,,,,,,,,No,,,,,,,,""
956,General Purpose Code,Yes,,No,Yes,22-JAN-97,G,TX,US,Y,07-JUL-97,,035,"",No,,210,,C,,,No,No,7D,1+10D,10D,1+10D,NA,NA,NA,""
957,General Purpose Code,Yes,,Yes,No,,G,,,N,,,,"",No,,,,,,,No,No,,,,,,,,""
958,General Purpose Code,Yes,,No,No,,G,,,N,,,,"",No,,,,,,,No,No,,,,,,,,""
959,General Purpose Code,Yes,,No,Yes,04-OCT-99,G,CT,US,Y,30-AUG-14,,456 255 217,"",Yes,860/959,860,,E,,217,No,No,10D,1+10D,10D,1+10D,1+10D,NA,1+10D,""
960,General Purpose Code,No,Reserved by INC,Yes,No,,,,,N,,,,"",No,,,,,,,No,No,,,,,,,,""
961,General Purpose Code,No,Reserved by INC,No,No,,,,,N,,,,"",No,,,,,,,No,No,,,,,,,,""
962,General Purpose Code,No,Reserved by INC,No,No,,,,,N,,,,"",No,,,,,,,No,No,,,,,,,,""
963,General Purpose Code,No,Reserved by INC,No,No,,,,,N,,,,"",No,,,,,,,No,No,,,,,,,,""
964,General Purpose Code,No,Reserved by INC,No,No,,,,,N,,,,"",No,,,,,,,No,No,,,,,,,,""
965,General Purpose Code,No,Reserved by INC,No,No,,,,,N,,,,"",No,,,,,,,No,No,,,,,,,,""
966,Easily Recognizable Code,No,Reserved by INC,No,No,,,,,N,,,,"",,,,,,,,,No,,,,,,,,""
967,General Purpose Code,No,Reserved by INC,No,No,,,,,N,,,,"",No,,,,,,,No,No,,,,,,,,""
968,General Purpose Code,No,Reserved by INC,No,No,,,,,N,,,,"",No,,,,,,,No,No,,,,,,,,""
969,General Purpose Code,No,Reserved by INC,No,No,,,,,N,,,,"",No,,,,,,,No,No,,,,,,,,""
970,General Purpose Code,Yes,,No,Yes,21-SEP-94,G,CO,US,Y,02-APR-95,,IL94/09-012,"",No,,303,,M,,,No,No,7D,1+10D,10D,1+10D,10D,NA,NA,""
971,General Purpose Code,Yes,,No,Yes,01-MAY-99,G,OR,US,Y,01-OCT-00,,359 203 182,"",Yes,503/971,503,,P,,359,No,No,10D,1+10D,10D,1+10D,NA,NA,NA,""
972,General Purpose Code,Yes,,No,Yes,08-MAR-95,G,TX,US,Y,14-SEP-96,,005,"",Yes,214/469/972,214,,C,,,No,No,10D,1+10D,10D,1+10D,NA,NA,NA,""
973,General Purpose Code,Yes,,No,Yes,23-JAN-97,G,NJ,US,Y,01-JUN-97,,277 151 036,"",Yes,862/973,201,,E,,277,No,No,10D,10D,1+10D,1+10D,1+10D,1+10D,NA,"Calls between the 973 and 862 NPAs can be dialed as 10D."
974,General Purpose Code,Yes,,No,No,,G,,,N,,,,"",No,,,,,,,No,No,,,,,,,,""
975,General Purpose Code,Yes,,No,Yes,01-NOV-00,G,MO,US,N,,Suspended,304 280 262,"",Yes,816/975,816,,C,,262,No,Yes,10D,1+10D,10D,1+10D,NA,NA,NA,""
976,General Purpose Code,Yes,,No,No,,G,,,N,,,,"",No,,,,,,,No,No,,,,,,,,""
977,Easily Recognizable Code,Yes,,No,No,,N,,,N,,,,"",,,,,,,,,No,,,,,,,,""
978,General Purpose Code,Yes,,No,Yes,16-JUN-97,G,MA,US,Y,01-SEP-97,,234 122 104 095 068,"",Yes,351/978,508,,E,,234,No,No,10D,1+10D,10D,1+10D,1+10D,1+10D,NA,""
979,General Purpose Code,Yes,,No,Yes,02-SEP-99,G,TX,US,Y,19-FEB-00,,201,"",No,,409,,C,,,No,No,7D,1+10D,10D,1+10D,NA,NA,NA,""
980,General Purpose Code,Yes,,No,Yes,20-SEP-99,G,NC,US,Y,01-APR-01,,258 256 229 204,"",Yes,704/980,704,,E,,229,No,No,10D,1+10D,10D,1+10D,NA,NA,NA,""
981,General Purpose Code,Yes,,Yes,No,,G,,,N,,,,"",No,,,,,,,No,No,,,,,,,,""
982,General Purpose Code,Yes,,Yes,No,,G,,,N,,,,"",No,,,,,,,No,No,,,,,,,,""
983,General Purpose Code,Yes,,Yes,No,,G,,,N,,,,"",No,,,,,,,No,No,,,,,,,,""
984,General Purpose Code,Yes,,No,Yes,26-MAR-01,G,NC,US,Y,30-APR-12,,422 306 271,"",Yes,919/984,919,,E,,422 271,No,No,10D,1+10D,10D,1+10D,1+10D,NA,1+10D,""
985,General Purpose Code,Yes,,No,Yes,13-SEP-00,G,LA,US,Y,12-FEB-01,,301 242,"",No,,504,,C,,242,No,No,7D,1+10D,10D,1+10D,NA,NA,NA,""
986,General Purpose Code,Yes,,No,Yes,02-NOV-15,G,ID,US,Y,05-SEP-17,,490,"",Yes,208/986,208,,P,,490,No,No,10D,1+10D,10D,1+10D,NA,1+10D,NA,""
987,General Purpose Code,Yes,,Yes,No,,G,,,N,,,,"",No,,,,,,,No,No,,,,,,,,""
988,Easily Recognizable Code,Yes,,No,No,,N,,,N,,,,"",,,,,,,,,No,,,,,,,,""
989,General Purpose Code,Yes,,No,Yes,02-SEP-99,G,MI,US,Y,07-APR-01,Active,251 244 226 212,"",No,,517,,E,,212,No,Yes,7D,1+10D,10D,1+10D,10D,NA,NA,""
990,General Purpose Code,No,Expansion Code,No,No,,,,,N,,,,"",No,,,,,,,No,No,,,,,,,,""
991,General Purpose Code,No,Expansion Code,No,No,,,,,N,,,,"",No,,,,,,,No,No,,,,,,,,""
992,General Purpose Code,No,Expansion Code,No,No,,,,,N,,,,"",No,,,,,,,No,No,,,,,,,,""
993,General Purpose Code,No,Expansion Code,No,No,,,,,N,,,,"",No,,,,,,,No,No,,,,,,,,""
994,General Purpose Code,No,Expansion Code,No,No,,,,,N,,,,"",No,,,,,,,No,No,,,,,,,,""
995,General Purpose Code,No,Expansion Code,No,No,,,,,N,,,,"",No,,,,,,,No,No,,,,,,,,""
996,General Purpose Code,No,Expansion Code,No,No,,,,,N,,,,"",No,,,,,,,No,No,,,,,,,,""
997,General Purpose Code,No,Expansion Code,No,No,,,,,N,,,,"",No,,,,,,,No,No,,,,,,,,""
998,General Purpose Code,No,Expansion Code,No,No,,,,,N,,,,"",No,,,,,,,No,No,,,,,,,,""
999,Easily Recognizable Code,No,Expansion Code,No,No,,,,,N,,,,"",,,,,,,,,No,,,,,,,,""
